e_id,src,dst,label,timestamp,feature_name,feature_value,shapley_value,explained_e_id,mode
0,754,300597,100049,0,6,2,0.0,0.0,862,exact
1,754,300597,100049,0,6,Structure,1.0,0.30368434985478243,862,exact
2,754,300597,100049,0,6,Timing,6.0,0.0,862,exact
3,755,300594,100049,0,6,2,0.0,0.0,862,exact
4,755,300594,100049,0,6,Structure,1.0,0.30368434985478276,862,exact
5,755,300594,100049,0,6,Timing,6.0,0.0,862,exact
6,759,200049,100049,0,6,2,0.0,0.0,862,exact
7,759,200049,100049,0,6,Structure,1.0,5.078273550669332,862,exact
8,759,200049,100049,0,6,Timing,6.0,0.0,862,exact
0,754,300597,100049,0,6,2,0.0,0.0,862,monte_carlo
1,754,300597,100049,0,6,Structure,1.0,0.29788559675216675,862,monte_carlo
2,754,300597,100049,0,6,Timing,6.0,0.0,862,monte_carlo
3,755,300594,100049,0,6,2,0.0,0.0,862,monte_carlo
4,755,300594,100049,0,6,Structure,1.0,0.3452334403991699,862,monte_carlo
5,755,300594,100049,0,6,Timing,6.0,0.0,862,monte_carlo
6,759,200049,100049,0,6,2,0.0,0.0,862,monte_carlo
7,759,200049,100049,0,6,Structure,1.0,5.01567268371582,862,monte_carlo
8,759,200049,100049,0,6,Timing,6.0,0.0,862,monte_carlo
0,432,300306,100025,0,4,2,0.0,0.0,610,exact
1,432,300306,100025,0,4,Structure,1.0,0.27738426923751675,610,exact
2,432,300306,100025,0,4,Timing,4.0,0.0,610,exact
3,433,300309,100025,0,4,2,0.0,0.0,610,exact
4,433,300309,100025,0,4,Structure,1.0,0.2773842692375174,610,exact
5,433,300309,100025,0,4,Timing,4.0,0.0,610,exact
6,436,200025,100025,0,4,2,0.0,0.0,610,exact
7,436,200025,100025,0,4,Structure,1.0,3.06097973187768,610,exact
8,436,200025,100025,0,4,Timing,4.0,0.0,610,exact
0,432,300306,100025,0,4,2,0.0,0.0,610,monte_carlo
1,432,300306,100025,0,4,Structure,1.0,0.275462806224823,610,monte_carlo
2,432,300306,100025,0,4,Timing,4.0,0.0,610,monte_carlo
3,433,300309,100025,0,4,2,0.0,0.0,610,monte_carlo
4,433,300309,100025,0,4,Structure,1.0,0.2758750915527344,610,monte_carlo
5,433,300309,100025,0,4,Timing,4.0,0.0,610,monte_carlo
6,436,200025,100025,0,4,2,0.0,0.0,610,monte_carlo
7,436,200025,100025,0,4,Structure,1.0,3.0218608379364014,610,monte_carlo
8,436,200025,100025,0,4,Timing,4.0,0.0,610,monte_carlo
0,866,300657,100054,0,7,2,0.0,0.0,1021,exact
1,866,300657,100054,0,7,Structure,1.0,0.31407094399134444,1021,exact
2,866,300657,100054,0,7,Timing,7.0,0.0,1021,exact
3,867,300654,100054,0,7,2,0.0,0.0,1021,exact
4,867,300654,100054,0,7,Structure,1.0,0.3140709439913448,1021,exact
5,867,300654,100054,0,7,Timing,7.0,0.0,1021,exact
6,880,200054,100054,0,7,2,0.0,0.0,1021,exact
7,880,200054,100054,0,7,Structure,1.0,6.036737982432012,1021,exact
8,880,200054,100054,0,7,Timing,7.0,0.0,1021,exact
0,866,300657,100054,0,7,2,0.0,0.0,1021,monte_carlo
1,866,300657,100054,0,7,Structure,1.0,0.3180500268936157,1021,monte_carlo
2,866,300657,100054,0,7,Timing,7.0,0.0,1021,monte_carlo
3,867,300654,100054,0,7,2,0.0,0.0,1021,monte_carlo
4,867,300654,100054,0,7,Structure,1.0,0.30836281180381775,1021,monte_carlo
5,867,300654,100054,0,7,Timing,7.0,0.0,1021,monte_carlo
6,880,200054,100054,0,7,2,0.0,0.0,1021,monte_carlo
7,880,200054,100054,0,7,Structure,1.0,6.031685829162598,1021,monte_carlo
8,880,200054,100054,0,7,Timing,7.0,0.0,1021,monte_carlo
0,1137,300885,100073,0,9,2,0.0,0.0,1193,exact
1,1137,300885,100073,0,9,Structure,1.0,0.3240927577018671,1193,exact
2,1137,300885,100073,0,9,Timing,9.0,0.0,1193,exact
3,1149,300882,100073,0,9,2,0.0,0.0,1193,exact
4,1149,300882,100073,0,9,Structure,1.0,0.32409275770186863,1193,exact
5,1149,300882,100073,0,9,Timing,9.0,0.0,1193,exact
6,1168,200073,100073,0,9,2,0.0,0.0,1193,exact
7,1168,200073,100073,0,9,Structure,1.0,7.893813880284555,1193,exact
8,1168,200073,100073,0,9,Timing,9.0,0.0,1193,exact
0,1137,300885,100073,0,9,2,0.0,0.0,1193,monte_carlo
1,1137,300885,100073,0,9,Structure,1.0,0.3519282937049866,1193,monte_carlo
2,1137,300885,100073,0,9,Timing,9.0,0.0,1193,monte_carlo
3,1149,300882,100073,0,9,2,0.0,0.0,1193,monte_carlo
4,1149,300882,100073,0,9,Structure,1.0,0.2933675944805145,1193,monte_carlo
5,1149,300882,100073,0,9,Timing,9.0,0.0,1193,monte_carlo
6,1168,200073,100073,0,9,2,0.0,0.0,1193,monte_carlo
7,1168,200073,100073,0,9,Structure,1.0,7.86567497253418,1193,monte_carlo
8,1168,200073,100073,0,9,Timing,9.0,0.0,1193,monte_carlo
0,194,300006,100000,0,2,2,0.0,0.0,287,exact
1,194,300006,100000,0,2,Structure,1.0,0.3411331971486386,287,exact
2,194,300006,100000,0,2,Timing,2.0,0.0,287,exact
3,195,200000,100000,0,2,2,0.0,0.0,287,exact
4,195,200000,100000,0,2,Structure,1.0,1.1178672711054518,287,exact
5,195,200000,100000,0,2,Timing,2.0,0.0,287,exact
6,197,300009,100000,0,2,2,0.0,0.0,287,exact
7,197,300009,100000,0,2,Structure,1.0,0.34113319714863777,287,exact
8,197,300009,100000,0,2,Timing,2.0,0.0,287,exact
0,194,300006,100000,0,2,2,0.0,0.0,287,monte_carlo
1,194,300006,100000,0,2,Structure,1.0,0.41111883521080017,287,monte_carlo
2,194,300006,100000,0,2,Timing,2.0,0.0,287,monte_carlo
3,195,200000,100000,0,2,2,0.0,0.0,287,monte_carlo
4,195,200000,100000,0,2,Structure,1.0,1.1109299659729004,287,monte_carlo
5,195,200000,100000,0,2,Timing,2.0,0.0,287,monte_carlo
6,197,300009,100000,0,2,2,0.0,0.0,287,monte_carlo
7,197,300009,100000,0,2,Structure,1.0,0.3946435749530792,287,monte_carlo
8,197,300009,100000,0,2,Timing,2.0,0.0,287,monte_carlo
0,441,300270,100022,0,4,2,0.0,0.0,625,exact
1,441,300270,100022,0,4,Structure,1.0,0.2773842692375164,625,exact
2,441,300270,100022,0,4,Timing,4.0,0.0,625,exact
3,448,300273,100022,0,4,2,0.0,0.0,625,exact
4,448,300273,100022,0,4,Structure,1.0,0.27738426923751763,625,exact
5,448,300273,100022,0,4,Timing,4.0,0.0,625,exact
6,453,200022,100022,0,4,2,0.0,0.0,625,exact
7,453,200022,100022,0,4,Structure,1.0,3.060979731877681,625,exact
8,453,200022,100022,0,4,Timing,4.0,0.0,625,exact
0,441,300270,100022,0,4,2,0.0,0.0,625,monte_carlo
1,441,300270,100022,0,4,Structure,1.0,0.21199332177639008,625,monte_carlo
2,441,300270,100022,0,4,Timing,4.0,0.0,625,monte_carlo
3,448,300273,100022,0,4,2,0.0,0.0,625,monte_carlo
4,448,300273,100022,0,4,Structure,1.0,0.255867600440979,625,monte_carlo
5,448,300273,100022,0,4,Timing,4.0,0.0,625,monte_carlo
6,453,200022,100022,0,4,2,0.0,0.0,625,monte_carlo
7,453,200022,100022,0,4,Structure,1.0,3.116657018661499,625,monte_carlo
8,453,200022,100022,0,4,Timing,4.0,0.0,625,monte_carlo
0,573,300369,100030,0,5,2,0.0,0.0,769,exact
1,573,300369,100030,0,5,Structure,1.0,0.2894690632820078,769,exact
2,573,300369,100030,0,5,Timing,5.0,0.0,769,exact
3,574,300366,100030,0,5,2,0.0,0.0,769,exact
4,574,300366,100030,0,5,Structure,1.0,0.2894690632820093,769,exact
5,574,300366,100030,0,5,Timing,5.0,0.0,769,exact
6,582,200030,100030,0,5,2,0.0,0.0,769,exact
7,582,200030,100030,0,5,Structure,1.0,4.086581548055058,769,exact
8,582,200030,100030,0,5,Timing,5.0,0.0,769,exact
0,573,300369,100030,0,5,2,0.0,0.0,769,monte_carlo
1,573,300369,100030,0,5,Structure,1.0,0.3503133952617645,769,monte_carlo
2,573,300369,100030,0,5,Timing,5.0,0.0,769,monte_carlo
3,574,300366,100030,0,5,2,0.0,0.0,769,monte_carlo
4,574,300366,100030,0,5,Structure,1.0,0.2625913619995117,769,monte_carlo
5,574,300366,100030,0,5,Timing,5.0,0.0,769,monte_carlo
6,582,200030,100030,0,5,2,0.0,0.0,769,monte_carlo
7,582,200030,100030,0,5,Structure,1.0,4.061417579650879,769,monte_carlo
8,582,200030,100030,0,5,Timing,5.0,0.0,769,monte_carlo
0,1044,200068,100068,0,8,2,0.0,0.0,1166,exact
1,1044,200068,100068,0,8,Structure,1.0,6.9721963723499005,1166,exact
2,1044,200068,100068,0,8,Timing,8.0,0.0,1166,exact
3,1047,300825,100068,0,8,2,0.0,0.0,1166,exact
4,1047,300825,100068,0,8,Structure,1.0,0.3204680005709321,1166,exact
5,1047,300825,100068,0,8,Timing,8.0,0.0,1166,exact
6,1048,300822,100068,0,8,2,0.0,0.0,1166,exact
7,1048,300822,100068,0,8,Structure,1.0,0.3204680005709326,1166,exact
8,1048,300822,100068,0,8,Timing,8.0,0.0,1166,exact
0,1044,200068,100068,0,8,2,0.0,0.0,1166,monte_carlo
1,1044,200068,100068,0,8,Structure,1.0,6.969439506530762,1166,monte_carlo
2,1044,200068,100068,0,8,Timing,8.0,0.0,1166,monte_carlo
3,1047,300825,100068,0,8,2,0.0,0.0,1166,monte_carlo
4,1047,300825,100068,0,8,Structure,1.0,0.4450434148311615,1166,monte_carlo
5,1047,300825,100068,0,8,Timing,8.0,0.0,1166,monte_carlo
6,1048,300822,100068,0,8,2,0.0,0.0,1166,monte_carlo
7,1048,300822,100068,0,8,Structure,1.0,0.28407031297683716,1166,monte_carlo
8,1048,300822,100068,0,8,Timing,8.0,0.0,1166,monte_carlo
0,317,200014,100014,0,3,2,0.0,0.0,470,exact
1,317,200014,100014,0,3,Structure,1.0,2.0373098651568062,470,exact
2,317,200014,100014,0,3,Timing,3.0,0.0,470,exact
3,321,300174,100014,0,3,2,0.0,0.0,470,exact
4,321,300174,100014,0,3,Structure,1.0,0.2859334746996577,470,exact
5,321,300174,100014,0,3,Timing,3.0,0.0,470,exact
6,322,300177,100014,0,3,2,0.0,0.0,470,exact
7,322,300177,100014,0,3,Structure,1.0,0.2859332561493022,470,exact
8,322,300177,100014,0,3,Timing,3.0,0.0,470,exact
0,317,200014,100014,0,3,2,0.0,0.0,470,monte_carlo
1,317,200014,100014,0,3,Structure,1.0,2.1387856006622314,470,monte_carlo
2,317,200014,100014,0,3,Timing,3.0,0.0,470,monte_carlo
3,321,300174,100014,0,3,2,0.0,0.0,470,monte_carlo
4,321,300174,100014,0,3,Structure,1.0,0.21066999435424805,470,monte_carlo
5,321,300174,100014,0,3,Timing,3.0,0.0,470,monte_carlo
6,322,300177,100014,0,3,2,0.0,0.0,470,monte_carlo
7,322,300177,100014,0,3,Structure,1.0,0.2980768382549286,470,monte_carlo
8,322,300177,100014,0,3,Timing,3.0,0.0,470,monte_carlo
0,710,300510,100042,0,6,2,0.0,0.0,891,exact
1,710,300510,100042,0,6,Structure,1.0,0.3036842703819265,891,exact
2,710,300510,100042,0,6,Timing,6.0,0.0,891,exact
3,720,200042,100042,0,6,2,0.0,0.0,891,exact
4,720,200042,100042,0,6,Structure,1.0,5.078274186452191,891,exact
5,720,200042,100042,0,6,Timing,6.0,0.0,891,exact
6,728,300513,100042,0,6,2,0.0,0.0,891,exact
7,728,300513,100042,0,6,Structure,1.0,0.3036842703819294,891,exact
8,728,300513,100042,0,6,Timing,6.0,0.0,891,exact
0,710,300510,100042,0,6,2,0.0,0.0,891,monte_carlo
1,710,300510,100042,0,6,Structure,1.0,0.2574149966239929,891,monte_carlo
2,710,300510,100042,0,6,Timing,6.0,0.0,891,monte_carlo
3,720,200042,100042,0,6,2,0.0,0.0,891,monte_carlo
4,720,200042,100042,0,6,Structure,1.0,5.082606792449951,891,monte_carlo
5,720,200042,100042,0,6,Timing,6.0,0.0,891,monte_carlo
6,728,300513,100042,0,6,2,0.0,0.0,891,monte_carlo
7,728,300513,100042,0,6,Structure,1.0,0.37776094675064087,891,monte_carlo
8,728,300513,100042,0,6,Timing,6.0,0.0,891,monte_carlo
0,1222,301005,100083,0,10,2,0.0,0.0,1251,exact
1,1222,301005,100083,0,10,Structure,1.0,0.32605114380518196,1251,exact
2,1222,301005,100083,0,10,Timing,10.0,0.0,1251,exact
3,1228,200083,100083,0,10,2,0.0,0.0,1251,exact
4,1228,200083,100083,0,10,Structure,1.0,8.80768224398299,1251,exact
5,1228,200083,100083,0,10,Timing,10.0,0.0,1251,exact
6,1238,301002,100083,0,10,2,0.0,0.0,1251,exact
7,1238,301002,100083,0,10,Structure,1.0,0.3260511438051846,1251,exact
8,1238,301002,100083,0,10,Timing,10.0,0.0,1251,exact
0,1222,301005,100083,0,10,2,0.0,0.0,1251,monte_carlo
1,1222,301005,100083,0,10,Structure,1.0,0.32885077595710754,1251,monte_carlo
2,1222,301005,100083,0,10,Timing,10.0,0.0,1251,monte_carlo
3,1228,200083,100083,0,10,2,0.0,0.0,1251,monte_carlo
4,1228,200083,100083,0,10,Structure,1.0,8.840689659118652,1251,monte_carlo
5,1228,200083,100083,0,10,Timing,10.0,0.0,1251,monte_carlo
6,1238,301002,100083,0,10,2,0.0,0.0,1251,monte_carlo
7,1238,301002,100083,0,10,Structure,1.0,0.29800257086753845,1251,monte_carlo
8,1238,301002,100083,0,10,Timing,10.0,0.0,1251,monte_carlo
0,609,300465,100038,0,5,2,0.0,0.0,743,exact
1,609,300465,100038,0,5,Structure,1.0,0.2894690632820078,743,exact
2,609,300465,100038,0,5,Timing,5.0,0.0,743,exact
3,615,300462,100038,0,5,2,0.0,0.0,743,exact
4,615,300462,100038,0,5,Structure,1.0,0.2894690632820093,743,exact
5,615,300462,100038,0,5,Timing,5.0,0.0,743,exact
6,620,200038,100038,0,5,2,0.0,0.0,743,exact
7,620,200038,100038,0,5,Structure,1.0,4.086581548055058,743,exact
8,620,200038,100038,0,5,Timing,5.0,0.0,743,exact
0,609,300465,100038,0,5,2,0.0,0.0,743,monte_carlo
1,609,300465,100038,0,5,Structure,1.0,0.2847944498062134,743,monte_carlo
2,609,300465,100038,0,5,Timing,5.0,0.0,743,monte_carlo
3,615,300462,100038,0,5,2,0.0,0.0,743,monte_carlo
4,615,300462,100038,0,5,Structure,1.0,0.26006922125816345,743,monte_carlo
5,615,300462,100038,0,5,Timing,5.0,0.0,743,monte_carlo
6,620,200038,100038,0,5,2,0.0,0.0,743,monte_carlo
7,620,200038,100038,0,5,Structure,1.0,4.06763219833374,743,monte_carlo
8,620,200038,100038,0,5,Timing,5.0,0.0,743,monte_carlo
0,873,300621,100051,0,7,2,0.0,0.0,1023,exact
1,873,300621,100051,0,7,Structure,1.0,0.31407094399134405,1023,exact
2,873,300621,100051,0,7,Timing,7.0,0.0,1023,exact
3,876,300618,100051,0,7,2,0.0,0.0,1023,exact
4,876,300618,100051,0,7,Structure,1.0,0.3140709439913442,1023,exact
5,876,300618,100051,0,7,Timing,7.0,0.0,1023,exact
6,883,200051,100051,0,7,2,0.0,0.0,1023,exact
7,883,200051,100051,0,7,Structure,1.0,6.03673798243201,1023,exact
8,883,200051,100051,0,7,Timing,7.0,0.0,1023,exact
0,873,300621,100051,0,7,2,0.0,0.0,1023,monte_carlo
1,873,300621,100051,0,7,Structure,1.0,0.38589099049568176,1023,monte_carlo
2,873,300621,100051,0,7,Timing,7.0,0.0,1023,monte_carlo
3,876,300618,100051,0,7,2,0.0,0.0,1023,monte_carlo
4,876,300618,100051,0,7,Structure,1.0,0.30967214703559875,1023,monte_carlo
5,876,300618,100051,0,7,Timing,7.0,0.0,1023,monte_carlo
6,883,200051,100051,0,7,2,0.0,0.0,1023,monte_carlo
7,883,200051,100051,0,7,Structure,1.0,5.883400917053223,1023,monte_carlo
8,883,200051,100051,0,7,Timing,7.0,0.0,1023,monte_carlo
0,1204,200088,100088,0,10,2,0.0,0.0,1256,exact
1,1204,200088,100088,0,10,Structure,1.0,8.80768183072424,1256,exact
2,1204,200088,100088,0,10,Timing,10.0,0.0,1256,exact
3,1212,301062,100088,0,10,2,0.0,0.0,1256,exact
4,1212,301062,100088,0,10,Structure,1.0,0.32605176369349015,1256,exact
5,1212,301062,100088,0,10,Timing,10.0,0.0,1256,exact
6,1215,301065,100088,0,10,2,0.0,0.0,1256,exact
7,1215,301065,100088,0,10,Structure,1.0,0.32605176369349037,1256,exact
8,1215,301065,100088,0,10,Timing,10.0,0.0,1256,exact
0,1204,200088,100088,0,10,2,0.0,0.0,1256,monte_carlo
1,1204,200088,100088,0,10,Structure,1.0,8.728981018066406,1256,monte_carlo
2,1204,200088,100088,0,10,Timing,10.0,0.0,1256,monte_carlo
3,1212,301062,100088,0,10,2,0.0,0.0,1256,monte_carlo
4,1212,301062,100088,0,10,Structure,1.0,0.32885119318962097,1256,monte_carlo
5,1212,301062,100088,0,10,Timing,10.0,0.0,1256,monte_carlo
6,1215,301065,100088,0,10,2,0.0,0.0,1256,monte_carlo
7,1215,301065,100088,0,10,Structure,1.0,0.2830360233783722,1256,monte_carlo
8,1215,301065,100088,0,10,Timing,10.0,0.0,1256,monte_carlo
0,292,300186,100015,0,3,2,0.0,0.0,473,exact
1,292,300186,100015,0,3,Structure,1.0,0.28593325614930243,473,exact
2,292,300186,100015,0,3,Timing,3.0,0.0,473,exact
3,293,300189,100015,0,3,2,0.0,0.0,473,exact
4,293,300189,100015,0,3,Structure,1.0,0.2859334746996577,473,exact
5,293,300189,100015,0,3,Timing,3.0,0.0,473,exact
6,307,200015,100015,0,3,2,0.0,0.0,473,exact
7,307,200015,100015,0,3,Structure,1.0,2.0373098651568062,473,exact
8,307,200015,100015,0,3,Timing,3.0,0.0,473,exact
0,292,300186,100015,0,3,2,0.0,0.0,473,monte_carlo
1,292,300186,100015,0,3,Structure,1.0,0.27322059869766235,473,monte_carlo
2,292,300186,100015,0,3,Timing,3.0,0.0,473,monte_carlo
3,293,300189,100015,0,3,2,0.0,0.0,473,monte_carlo
4,293,300189,100015,0,3,Structure,1.0,0.3283940255641937,473,monte_carlo
5,293,300189,100015,0,3,Timing,3.0,0.0,473,monte_carlo
6,307,200015,100015,0,3,2,0.0,0.0,473,monte_carlo
7,307,200015,100015,0,3,Structure,1.0,1.9801851511001587,473,monte_carlo
8,307,200015,100015,0,3,Timing,3.0,0.0,473,monte_carlo
0,168,300081,100006,0,2,2,0.0,0.0,335,exact
1,168,300081,100006,0,2,Structure,1.0,0.3411332408587115,335,exact
2,168,300081,100006,0,2,Timing,2.0,0.0,335,exact
3,169,300078,100006,0,2,2,0.0,0.0,335,exact
4,169,300078,100006,0,2,Structure,1.0,0.3411332408587124,335,exact
5,169,300078,100006,0,2,Timing,2.0,0.0,335,exact
6,184,200006,100006,0,2,2,0.0,0.0,335,exact
7,184,200006,100006,0,2,Structure,1.0,1.1178671757380172,335,exact
8,184,200006,100006,0,2,Timing,2.0,0.0,335,exact
0,168,300081,100006,0,2,2,0.0,0.0,335,monte_carlo
1,168,300081,100006,0,2,Structure,1.0,0.36251306533813477,335,monte_carlo
2,168,300081,100006,0,2,Timing,2.0,0.0,335,monte_carlo
3,169,300078,100006,0,2,2,0.0,0.0,335,monte_carlo
4,169,300078,100006,0,2,Structure,1.0,0.3122151792049408,335,monte_carlo
5,169,300078,100006,0,2,Timing,2.0,0.0,335,monte_carlo
6,184,200006,100006,0,2,2,0.0,0.0,335,monte_carlo
7,184,200006,100006,0,2,Structure,1.0,1.1176326274871826,335,monte_carlo
8,184,200006,100006,0,2,Timing,2.0,0.0,335,monte_carlo
0,328,300237,100019,0,3,2,0.0,0.0,481,exact
1,328,300237,100019,0,3,Structure,1.0,0.28593325614930115,481,exact
2,328,300237,100019,0,3,Timing,3.0,0.0,481,exact
3,329,300234,100019,0,3,2,0.0,0.0,481,exact
4,329,300234,100019,0,3,Structure,1.0,0.2859334746996581,481,exact
5,329,300234,100019,0,3,Timing,3.0,0.0,481,exact
6,334,200019,100019,0,3,2,0.0,0.0,481,exact
7,334,200019,100019,0,3,Structure,1.0,2.0373098651568053,481,exact
8,334,200019,100019,0,3,Timing,3.0,0.0,481,exact
0,328,300237,100019,0,3,2,0.0,0.0,481,monte_carlo
1,328,300237,100019,0,3,Structure,1.0,0.31250035762786865,481,monte_carlo
2,328,300237,100019,0,3,Timing,3.0,0.0,481,monte_carlo
3,329,300234,100019,0,3,2,0.0,0.0,481,monte_carlo
4,329,300234,100019,0,3,Structure,1.0,0.29165250062942505,481,monte_carlo
5,329,300234,100019,0,3,Timing,3.0,0.0,481,monte_carlo
6,334,200019,100019,0,3,2,0.0,0.0,481,monte_carlo
7,334,200019,100019,0,3,Structure,1.0,2.0054478645324707,481,monte_carlo
8,334,200019,100019,0,3,Timing,3.0,0.0,481,monte_carlo
0,442,200027,100027,0,4,2,0.0,0.0,628,exact
1,442,200027,100027,0,4,Structure,1.0,3.060979731877681,628,exact
2,442,200027,100027,0,4,Timing,4.0,0.0,628,exact
3,484,300330,100027,0,4,2,0.0,0.0,628,exact
4,484,300330,100027,0,4,Structure,1.0,0.27738426923751736,628,exact
5,484,300330,100027,0,4,Timing,4.0,0.0,628,exact
6,486,300333,100027,0,4,2,0.0,0.0,628,exact
7,486,300333,100027,0,4,Structure,1.0,0.2773842692375172,628,exact
8,486,300333,100027,0,4,Timing,4.0,0.0,628,exact
0,442,200027,100027,0,4,2,0.0,0.0,628,monte_carlo
1,442,200027,100027,0,4,Structure,1.0,3.104060411453247,628,monte_carlo
2,442,200027,100027,0,4,Timing,4.0,0.0,628,monte_carlo
3,484,300330,100027,0,4,2,0.0,0.0,628,monte_carlo
4,484,300330,100027,0,4,Structure,1.0,0.26914504170417786,628,monte_carlo
5,484,300330,100027,0,4,Timing,4.0,0.0,628,monte_carlo
6,486,300333,100027,0,4,2,0.0,0.0,628,monte_carlo
7,486,300333,100027,0,4,Structure,1.0,0.2540630102157593,628,monte_carlo
8,486,300333,100027,0,4,Timing,4.0,0.0,628,monte_carlo
0,711,200046,100046,0,6,2,0.0,0.0,905,exact
1,711,200046,100046,0,6,Structure,1.0,5.078273550669332,905,exact
2,711,200046,100046,0,6,Timing,6.0,0.0,905,exact
3,715,300558,100046,0,6,2,0.0,0.0,905,exact
4,715,300558,100046,0,6,Structure,1.0,0.3036843498547835,905,exact
5,715,300558,100046,0,6,Timing,6.0,0.0,905,exact
6,716,300561,100046,0,6,2,0.0,0.0,905,exact
7,716,300561,100046,0,6,Structure,1.0,0.3036843498547835,905,exact
8,716,300561,100046,0,6,Timing,6.0,0.0,905,exact
0,711,200046,100046,0,6,2,0.0,0.0,905,monte_carlo
1,711,200046,100046,0,6,Structure,1.0,5.0941925048828125,905,monte_carlo
2,711,200046,100046,0,6,Timing,6.0,0.0,905,monte_carlo
3,715,300558,100046,0,6,2,0.0,0.0,905,monte_carlo
4,715,300558,100046,0,6,Structure,1.0,0.389326810836792,905,monte_carlo
5,715,300558,100046,0,6,Timing,6.0,0.0,905,monte_carlo
6,716,300561,100046,0,6,2,0.0,0.0,905,monte_carlo
7,716,300561,100046,0,6,Structure,1.0,0.2422458678483963,905,monte_carlo
8,716,300561,100046,0,6,Timing,6.0,0.0,905,monte_carlo
0,1006,300789,100065,0,8,2,0.0,0.0,1139,exact
1,1006,300789,100065,0,8,Structure,1.0,0.320467682679491,1139,exact
2,1006,300789,100065,0,8,Timing,8.0,0.0,1139,exact
3,1017,200065,100065,0,8,2,0.0,0.0,1139,exact
4,1017,200065,100065,0,8,Structure,1.0,6.972196054458523,1139,exact
5,1017,200065,100065,0,8,Timing,8.0,0.0,1139,exact
6,1021,300786,100065,0,8,2,0.0,0.0,1139,exact
7,1021,300786,100065,0,8,Structure,1.0,0.32046768267949105,1139,exact
8,1021,300786,100065,0,8,Timing,8.0,0.0,1139,exact
0,1006,300789,100065,0,8,2,0.0,0.0,1139,monte_carlo
1,1006,300789,100065,0,8,Structure,1.0,0.35593298077583313,1139,monte_carlo
2,1006,300789,100065,0,8,Timing,8.0,0.0,1139,monte_carlo
3,1017,200065,100065,0,8,2,0.0,0.0,1139,monte_carlo
4,1017,200065,100065,0,8,Structure,1.0,6.928569793701172,1139,monte_carlo
5,1017,200065,100065,0,8,Timing,8.0,0.0,1139,monte_carlo
6,1021,300786,100065,0,8,2,0.0,0.0,1139,monte_carlo
7,1021,300786,100065,0,8,Structure,1.0,0.3437780439853668,1139,monte_carlo
8,1021,300786,100065,0,8,Timing,8.0,0.0,1139,monte_carlo
0,1076,300846,100070,0,9,2,0.0,0.0,1215,exact
1,1076,300846,100070,0,9,Structure,1.0,0.3240927577018672,1215,exact
2,1076,300846,100070,0,9,Timing,9.0,0.0,1215,exact
3,1152,300849,100070,0,9,2,0.0,0.0,1215,exact
4,1152,300849,100070,0,9,Structure,1.0,0.32409275770186863,1215,exact
5,1152,300849,100070,0,9,Timing,9.0,0.0,1215,exact
6,1156,200070,100070,0,9,2,0.0,0.0,1215,exact
7,1156,200070,100070,0,9,Structure,1.0,7.893813880284554,1215,exact
8,1156,200070,100070,0,9,Timing,9.0,0.0,1215,exact
0,1076,300846,100070,0,9,2,0.0,0.0,1215,monte_carlo
1,1076,300846,100070,0,9,Structure,1.0,0.400143027305603,1215,monte_carlo
2,1076,300846,100070,0,9,Timing,9.0,0.0,1215,monte_carlo
3,1152,300849,100070,0,9,2,0.0,0.0,1215,monte_carlo
4,1152,300849,100070,0,9,Structure,1.0,0.3316068947315216,1215,monte_carlo
5,1152,300849,100070,0,9,Timing,9.0,0.0,1215,monte_carlo
6,1156,200070,100070,0,9,2,0.0,0.0,1215,monte_carlo
7,1156,200070,100070,0,9,Structure,1.0,7.835373878479004,1215,monte_carlo
8,1156,200070,100070,0,9,Timing,9.0,0.0,1215,monte_carlo
0,1008,300762,100063,0,8,2,0.0,0.0,1186,exact
1,1008,300762,100063,0,8,Structure,1.0,0.3204676826794885,1186,exact
2,1008,300762,100063,0,8,Timing,8.0,0.0,1186,exact
3,1020,200063,100063,0,8,2,0.0,0.0,1186,exact
4,1020,200063,100063,0,8,Structure,1.0,6.972196054458522,1186,exact
5,1020,200063,100063,0,8,Timing,8.0,0.0,1186,exact
6,1049,300765,100063,0,8,2,0.0,0.0,1186,exact
7,1049,300765,100063,0,8,Structure,1.0,0.3204676826794911,1186,exact
8,1049,300765,100063,0,8,Timing,8.0,0.0,1186,exact
0,1008,300762,100063,0,8,2,0.0,0.0,1186,monte_carlo
1,1008,300762,100063,0,8,Structure,1.0,0.2976268529891968,1186,monte_carlo
2,1008,300762,100063,0,8,Timing,8.0,0.0,1186,monte_carlo
3,1020,200063,100063,0,8,2,0.0,0.0,1186,monte_carlo
4,1020,200063,100063,0,8,Structure,1.0,7.000438213348389,1186,monte_carlo
5,1020,200063,100063,0,8,Timing,8.0,0.0,1186,monte_carlo
6,1049,300765,100063,0,8,2,0.0,0.0,1186,monte_carlo
7,1049,300765,100063,0,8,Structure,1.0,0.3483644127845764,1186,monte_carlo
8,1049,300765,100063,0,8,Timing,8.0,0.0,1186,monte_carlo
0,1142,200076,100076,0,9,2,0.0,0.0,1229,exact
1,1142,200076,100076,0,9,Structure,1.0,7.893813880284556,1229,exact
2,1142,200076,100076,0,9,Timing,9.0,0.0,1229,exact
3,1145,300918,100076,0,9,2,0.0,0.0,1229,exact
4,1145,300918,100076,0,9,Structure,1.0,0.32409275770186824,1229,exact
5,1145,300918,100076,0,9,Timing,9.0,0.0,1229,exact
6,1148,300921,100076,0,9,2,0.0,0.0,1229,exact
7,1148,300921,100076,0,9,Structure,1.0,0.32409275770186824,1229,exact
8,1148,300921,100076,0,9,Timing,9.0,0.0,1229,exact
0,1142,200076,100076,0,9,2,0.0,0.0,1229,monte_carlo
1,1142,200076,100076,0,9,Structure,1.0,7.865675449371338,1229,monte_carlo
2,1142,200076,100076,0,9,Timing,9.0,0.0,1229,monte_carlo
3,1145,300918,100076,0,9,2,0.0,0.0,1229,monte_carlo
4,1145,300918,100076,0,9,Structure,1.0,0.2961355447769165,1229,monte_carlo
5,1145,300918,100076,0,9,Timing,9.0,0.0,1229,monte_carlo
6,1148,300921,100076,0,9,2,0.0,0.0,1229,monte_carlo
7,1148,300921,100076,0,9,Structure,1.0,0.3188619613647461,1229,monte_carlo
8,1148,300921,100076,0,9,Timing,9.0,0.0,1229,monte_carlo
0,589,200033,100033,0,5,2,0.0,0.0,713,exact
1,589,200033,100033,0,5,Structure,1.0,4.086581548055059,713,exact
2,589,200033,100033,0,5,Timing,5.0,0.0,713,exact
3,594,300402,100033,0,5,2,0.0,0.0,713,exact
4,594,300402,100033,0,5,Structure,1.0,0.2894690632820086,713,exact
5,594,300402,100033,0,5,Timing,5.0,0.0,713,exact
6,595,300405,100033,0,5,2,0.0,0.0,713,exact
7,595,300405,100033,0,5,Structure,1.0,0.2894690632820085,713,exact
8,595,300405,100033,0,5,Timing,5.0,0.0,713,exact
0,589,200033,100033,0,5,2,0.0,0.0,713,monte_carlo
1,589,200033,100033,0,5,Structure,1.0,4.146485328674316,713,monte_carlo
2,589,200033,100033,0,5,Timing,5.0,0.0,713,monte_carlo
3,594,300402,100033,0,5,2,0.0,0.0,713,monte_carlo
4,594,300402,100033,0,5,Structure,1.0,0.29767850041389465,713,monte_carlo
5,594,300402,100033,0,5,Timing,5.0,0.0,713,monte_carlo
6,595,300405,100033,0,5,2,0.0,0.0,713,monte_carlo
7,595,300405,100033,0,5,Structure,1.0,0.3330305516719818,713,monte_carlo
8,595,300405,100033,0,5,Timing,5.0,0.0,713,monte_carlo
0,602,200037,100037,0,5,2,0.0,0.0,733,exact
1,602,200037,100037,0,5,Structure,1.0,4.086581548055059,733,exact
2,602,200037,100037,0,5,Timing,5.0,0.0,733,exact
3,622,300453,100037,0,5,2,0.0,0.0,733,exact
4,622,300453,100037,0,5,Structure,1.0,0.28946906328200894,733,exact
5,622,300453,100037,0,5,Timing,5.0,0.0,733,exact
6,625,300450,100037,0,5,2,0.0,0.0,733,exact
7,625,300450,100037,0,5,Structure,1.0,0.28946906328200855,733,exact
8,625,300450,100037,0,5,Timing,5.0,0.0,733,exact
0,602,200037,100037,0,5,2,0.0,0.0,733,monte_carlo
1,602,200037,100037,0,5,Structure,1.0,4.194265842437744,733,monte_carlo
2,602,200037,100037,0,5,Timing,5.0,0.0,733,monte_carlo
3,622,300453,100037,0,5,2,0.0,0.0,733,monte_carlo
4,622,300453,100037,0,5,Structure,1.0,0.3328981101512909,733,monte_carlo
5,622,300453,100037,0,5,Timing,5.0,0.0,733,monte_carlo
6,625,300450,100037,0,5,2,0.0,0.0,733,monte_carlo
7,625,300450,100037,0,5,Structure,1.0,0.17965707182884216,733,monte_carlo
8,625,300450,100037,0,5,Timing,5.0,0.0,733,monte_carlo
0,290,200011,100011,0,3,2,0.0,0.0,471,exact
1,290,200011,100011,0,3,Structure,1.0,2.0373098651568045,471,exact
2,290,200011,100011,0,3,Timing,3.0,0.0,471,exact
3,319,300141,100011,0,3,2,0.0,0.0,471,exact
4,319,300141,100011,0,3,Structure,1.0,0.2859334746996577,471,exact
5,319,300141,100011,0,3,Timing,3.0,0.0,471,exact
6,323,300138,100011,0,3,2,0.0,0.0,471,exact
7,323,300138,100011,0,3,Structure,1.0,0.28593325614930204,471,exact
8,323,300138,100011,0,3,Timing,3.0,0.0,471,exact
0,290,200011,100011,0,3,2,0.0,0.0,471,monte_carlo
1,290,200011,100011,0,3,Structure,1.0,1.9568387269973755,471,monte_carlo
2,290,200011,100011,0,3,Timing,3.0,0.0,471,monte_carlo
3,319,300141,100011,0,3,2,0.0,0.0,471,monte_carlo
4,319,300141,100011,0,3,Structure,1.0,0.20976398885250092,471,monte_carlo
5,319,300141,100011,0,3,Timing,3.0,0.0,471,monte_carlo
6,323,300138,100011,0,3,2,0.0,0.0,471,monte_carlo
7,323,300138,100011,0,3,Structure,1.0,0.31947121024131775,471,monte_carlo
8,323,300138,100011,0,3,Timing,3.0,0.0,471,monte_carlo
0,1030,300726,100060,0,8,2,0.0,0.0,1173,exact
1,1030,300726,100060,0,8,Structure,1.0,0.32046800057093233,1173,exact
2,1030,300726,100060,0,8,Timing,8.0,0.0,1173,exact
3,1031,300729,100060,0,8,2,0.0,0.0,1173,exact
4,1031,300729,100060,0,8,Structure,1.0,0.32046800057093233,1173,exact
5,1031,300729,100060,0,8,Timing,8.0,0.0,1173,exact
6,1033,200060,100060,0,8,2,0.0,0.0,1173,exact
7,1033,200060,100060,0,8,Structure,1.0,6.9721963723499,1173,exact
8,1033,200060,100060,0,8,Timing,8.0,0.0,1173,exact
0,1030,300726,100060,0,8,2,0.0,0.0,1173,monte_carlo
1,1030,300726,100060,0,8,Structure,1.0,0.32264548540115356,1173,monte_carlo
2,1030,300726,100060,0,8,Timing,8.0,0.0,1173,monte_carlo
3,1031,300729,100060,0,8,2,0.0,0.0,1173,monte_carlo
4,1031,300729,100060,0,8,Structure,1.0,0.2976283133029938,1173,monte_carlo
5,1031,300729,100060,0,8,Timing,8.0,0.0,1173,monte_carlo
6,1033,200060,100060,0,8,2,0.0,0.0,1173,monte_carlo
7,1033,200060,100060,0,8,Structure,1.0,6.894583225250244,1173,monte_carlo
8,1033,200060,100060,0,8,Timing,8.0,0.0,1173,monte_carlo
0,1026,300741,100061,0,8,2,0.0,0.0,1177,exact
1,1026,300741,100061,0,8,Structure,1.0,0.32046768267948933,1177,exact
2,1026,300741,100061,0,8,Timing,8.0,0.0,1177,exact
3,1041,200061,100061,0,8,2,0.0,0.0,1177,exact
4,1041,200061,100061,0,8,Structure,1.0,6.9721960544585215,1177,exact
5,1041,200061,100061,0,8,Timing,8.0,0.0,1177,exact
6,1043,300738,100061,0,8,2,0.0,0.0,1177,exact
7,1043,300738,100061,0,8,Structure,1.0,0.3204676826794908,1177,exact
8,1043,300738,100061,0,8,Timing,8.0,0.0,1177,exact
0,1026,300741,100061,0,8,2,0.0,0.0,1177,monte_carlo
1,1026,300741,100061,0,8,Structure,1.0,0.39589986205101013,1177,monte_carlo
2,1026,300741,100061,0,8,Timing,8.0,0.0,1177,monte_carlo
3,1041,200061,100061,0,8,2,0.0,0.0,1177,monte_carlo
4,1041,200061,100061,0,8,Structure,1.0,7.0835652351379395,1177,monte_carlo
5,1041,200061,100061,0,8,Timing,8.0,0.0,1177,monte_carlo
6,1043,300738,100061,0,8,2,0.0,0.0,1177,monte_carlo
7,1043,300738,100061,0,8,Structure,1.0,0.39221301674842834,1177,monte_carlo
8,1043,300738,100061,0,8,Timing,8.0,0.0,1177,monte_carlo
0,596,200034,100034,0,5,2,0.0,0.0,726,exact
1,596,200034,100034,0,5,Structure,1.0,4.086581548055058,726,exact
2,596,200034,100034,0,5,Timing,5.0,0.0,726,exact
3,600,300414,100034,0,5,2,0.0,0.0,726,exact
4,600,300414,100034,0,5,Structure,1.0,0.28946906328200867,726,exact
5,600,300414,100034,0,5,Timing,5.0,0.0,726,exact
6,601,300417,100034,0,5,2,0.0,0.0,726,exact
7,601,300417,100034,0,5,Structure,1.0,0.28946906328200844,726,exact
8,601,300417,100034,0,5,Timing,5.0,0.0,726,exact
0,596,200034,100034,0,5,2,0.0,0.0,726,monte_carlo
1,596,200034,100034,0,5,Structure,1.0,3.999781608581543,726,monte_carlo
2,596,200034,100034,0,5,Timing,5.0,0.0,726,monte_carlo
3,600,300414,100034,0,5,2,0.0,0.0,726,monte_carlo
4,600,300414,100034,0,5,Structure,1.0,0.295156329870224,726,monte_carlo
5,600,300414,100034,0,5,Timing,5.0,0.0,726,monte_carlo
6,601,300417,100034,0,5,2,0.0,0.0,726,monte_carlo
7,601,300417,100034,0,5,Structure,1.0,0.20627252757549286,726,monte_carlo
8,601,300417,100034,0,5,Timing,5.0,0.0,726,monte_carlo
0,1170,200077,100077,0,9,2,0.0,0.0,1220,exact
1,1170,200077,100077,0,9,Structure,1.0,7.893813880284557,1220,exact
2,1170,200077,100077,0,9,Timing,9.0,0.0,1220,exact
3,1184,300933,100077,0,9,2,0.0,0.0,1220,exact
4,1184,300933,100077,0,9,Structure,1.0,0.3240927577018682,1220,exact
5,1184,300933,100077,0,9,Timing,9.0,0.0,1220,exact
6,1189,300930,100077,0,9,2,0.0,0.0,1220,exact
7,1189,300930,100077,0,9,Structure,1.0,0.3240927577018681,1220,exact
8,1189,300930,100077,0,9,Timing,9.0,0.0,1220,exact
0,1170,200077,100077,0,9,2,0.0,0.0,1220,monte_carlo
1,1170,200077,100077,0,9,Structure,1.0,7.945282459259033,1220,monte_carlo
2,1170,200077,100077,0,9,Timing,9.0,0.0,1220,monte_carlo
3,1184,300933,100077,0,9,2,0.0,0.0,1220,monte_carlo
4,1184,300933,100077,0,9,Structure,1.0,0.3037106990814209,1220,monte_carlo
5,1184,300933,100077,0,9,Timing,9.0,0.0,1220,monte_carlo
6,1189,300930,100077,0,9,2,0.0,0.0,1220,monte_carlo
7,1189,300930,100077,0,9,Structure,1.0,0.2806229889392853,1220,monte_carlo
8,1189,300930,100077,0,9,Timing,9.0,0.0,1220,monte_carlo
0,164,300030,100002,0,2,2,0.0,0.0,349,exact
1,164,300030,100002,0,2,Structure,1.0,0.34113324085871255,349,exact
2,164,300030,100002,0,2,Timing,2.0,0.0,349,exact
3,170,300033,100002,0,2,2,0.0,0.0,349,exact
4,170,300033,100002,0,2,Structure,1.0,0.34113324085871227,349,exact
5,170,300033,100002,0,2,Timing,2.0,0.0,349,exact
6,189,200002,100002,0,2,2,0.0,0.0,349,exact
7,189,200002,100002,0,2,Structure,1.0,1.1178671757380172,349,exact
8,189,200002,100002,0,2,Timing,2.0,0.0,349,exact
0,164,300030,100002,0,2,2,0.0,0.0,349,monte_carlo
1,164,300030,100002,0,2,Structure,1.0,0.33663174510002136,349,monte_carlo
2,164,300030,100002,0,2,Timing,2.0,0.0,349,monte_carlo
3,170,300033,100002,0,2,2,0.0,0.0,349,monte_carlo
4,170,300033,100002,0,2,Structure,1.0,0.31154102087020874,349,monte_carlo
5,170,300033,100002,0,2,Timing,2.0,0.0,349,monte_carlo
6,189,200002,100002,0,2,2,0.0,0.0,349,monte_carlo
7,189,200002,100002,0,2,Structure,1.0,1.2043975591659546,349,monte_carlo
8,189,200002,100002,0,2,Timing,2.0,0.0,349,monte_carlo
0,996,300750,100062,0,8,2,0.0,0.0,1178,exact
1,996,300750,100062,0,8,Structure,1.0,0.32046768267948933,1178,exact
2,996,300750,100062,0,8,Timing,8.0,0.0,1178,exact
3,999,200062,100062,0,8,2,0.0,0.0,1178,exact
4,999,200062,100062,0,8,Structure,1.0,6.972196054458522,1178,exact
5,999,200062,100062,0,8,Timing,8.0,0.0,1178,exact
6,1007,300753,100062,0,8,2,0.0,0.0,1178,exact
7,1007,300753,100062,0,8,Structure,1.0,0.32046768267949105,1178,exact
8,1007,300753,100062,0,8,Timing,8.0,0.0,1178,exact
0,996,300750,100062,0,8,2,0.0,0.0,1178,monte_carlo
1,996,300750,100062,0,8,Structure,1.0,0.3256324529647827,1178,monte_carlo
2,996,300750,100062,0,8,Timing,8.0,0.0,1178,monte_carlo
3,999,200062,100062,0,8,2,0.0,0.0,1178,monte_carlo
4,999,200062,100062,0,8,Structure,1.0,6.913418292999268,1178,monte_carlo
5,999,200062,100062,0,8,Timing,8.0,0.0,1178,monte_carlo
6,1007,300753,100062,0,8,2,0.0,0.0,1178,monte_carlo
7,1007,300753,100062,0,8,Structure,1.0,0.3747745752334595,1178,monte_carlo
8,1007,300753,100062,0,8,Timing,8.0,0.0,1178,monte_carlo
0,162,300093,100007,0,2,2,0.0,0.0,336,exact
1,162,300093,100007,0,2,Structure,1.0,0.34113324085871144,336,exact
2,162,300093,100007,0,2,Timing,2.0,0.0,336,exact
3,163,300090,100007,0,2,2,0.0,0.0,336,exact
4,163,300090,100007,0,2,Structure,1.0,0.3411332408587124,336,exact
5,163,300090,100007,0,2,Timing,2.0,0.0,336,exact
6,167,200007,100007,0,2,2,0.0,0.0,336,exact
7,167,200007,100007,0,2,Structure,1.0,1.1178671757380172,336,exact
8,167,200007,100007,0,2,Timing,2.0,0.0,336,exact
0,162,300093,100007,0,2,2,0.0,0.0,336,monte_carlo
1,162,300093,100007,0,2,Structure,1.0,0.35090935230255127,336,monte_carlo
2,162,300093,100007,0,2,Timing,2.0,0.0,336,monte_carlo
3,163,300090,100007,0,2,2,0.0,0.0,336,monte_carlo
4,163,300090,100007,0,2,Structure,1.0,0.3801974654197693,336,monte_carlo
5,163,300090,100007,0,2,Timing,2.0,0.0,336,monte_carlo
6,167,200007,100007,0,2,2,0.0,0.0,336,monte_carlo
7,167,200007,100007,0,2,Structure,1.0,1.0894145965576172,336,monte_carlo
8,167,200007,100007,0,2,Timing,2.0,0.0,336,monte_carlo
0,747,300501,100041,0,6,2,0.0,0.0,888,exact
1,747,300501,100041,0,6,Structure,1.0,0.3036842703819266,888,exact
2,747,300501,100041,0,6,Timing,6.0,0.0,888,exact
3,762,200041,100041,0,6,2,0.0,0.0,888,exact
4,762,200041,100041,0,6,Structure,1.0,5.078274186452188,888,exact
5,762,200041,100041,0,6,Timing,6.0,0.0,888,exact
6,765,300498,100041,0,6,2,0.0,0.0,888,exact
7,765,300498,100041,0,6,Structure,1.0,0.3036842703819285,888,exact
8,765,300498,100041,0,6,Timing,6.0,0.0,888,exact
0,747,300501,100041,0,6,2,0.0,0.0,888,monte_carlo
1,747,300501,100041,0,6,Structure,1.0,0.31315186619758606,888,monte_carlo
2,747,300501,100041,0,6,Timing,6.0,0.0,888,monte_carlo
3,762,200041,100041,0,6,2,0.0,0.0,888,monte_carlo
4,762,200041,100041,0,6,Structure,1.0,5.159325122833252,888,monte_carlo
5,762,200041,100041,0,6,Timing,6.0,0.0,888,monte_carlo
6,765,300498,100041,0,6,2,0.0,0.0,888,monte_carlo
7,765,300498,100041,0,6,Structure,1.0,0.299765020608902,888,monte_carlo
8,765,300498,100041,0,6,Timing,6.0,0.0,888,monte_carlo
0,725,300549,100045,0,6,2,0.0,0.0,899,exact
1,725,300549,100045,0,6,Structure,1.0,0.3036842703819295,899,exact
2,725,300549,100045,0,6,Timing,6.0,0.0,899,exact
3,740,200045,100045,0,6,2,0.0,0.0,899,exact
4,740,200045,100045,0,6,Structure,1.0,5.078274186452189,899,exact
5,740,200045,100045,0,6,Timing,6.0,0.0,899,exact
6,743,300546,100045,0,6,2,0.0,0.0,899,exact
7,743,300546,100045,0,6,Structure,1.0,0.30368427038192936,899,exact
8,743,300546,100045,0,6,Timing,6.0,0.0,899,exact
0,725,300549,100045,0,6,2,0.0,0.0,899,monte_carlo
1,725,300549,100045,0,6,Structure,1.0,0.252107173204422,899,monte_carlo
2,725,300549,100045,0,6,Timing,6.0,0.0,899,monte_carlo
3,740,200045,100045,0,6,2,0.0,0.0,899,monte_carlo
4,740,200045,100045,0,6,Structure,1.0,5.136542320251465,899,monte_carlo
5,740,200045,100045,0,6,Timing,6.0,0.0,899,monte_carlo
6,743,300546,100045,0,6,2,0.0,0.0,899,monte_carlo
7,743,300546,100045,0,6,Structure,1.0,0.35722577571868896,899,monte_carlo
8,743,300546,100045,0,6,Timing,6.0,0.0,899,monte_carlo
0,310,200013,100013,0,3,2,0.0,0.0,477,exact
1,310,200013,100013,0,3,Structure,1.0,2.0373098651568045,477,exact
2,310,200013,100013,0,3,Timing,3.0,0.0,477,exact
3,313,300162,100013,0,3,2,0.0,0.0,477,exact
4,313,300162,100013,0,3,Structure,1.0,0.2859334746996577,477,exact
5,313,300162,100013,0,3,Timing,3.0,0.0,477,exact
6,316,300165,100013,0,3,2,0.0,0.0,477,exact
7,316,300165,100013,0,3,Structure,1.0,0.2859332561493025,477,exact
8,316,300165,100013,0,3,Timing,3.0,0.0,477,exact
0,310,200013,100013,0,3,2,0.0,0.0,477,monte_carlo
1,310,200013,100013,0,3,Structure,1.0,2.0790352821350098,477,monte_carlo
2,310,200013,100013,0,3,Timing,3.0,0.0,477,monte_carlo
3,313,300162,100013,0,3,2,0.0,0.0,477,monte_carlo
4,313,300162,100013,0,3,Structure,1.0,0.25333642959594727,477,monte_carlo
5,313,300162,100013,0,3,Timing,3.0,0.0,477,monte_carlo
6,316,300165,100013,0,3,2,0.0,0.0,477,monte_carlo
7,316,300165,100013,0,3,Structure,1.0,0.3139527440071106,477,monte_carlo
8,316,300165,100013,0,3,Timing,3.0,0.0,477,monte_carlo
0,722,300522,100043,0,6,2,0.0,0.0,894,exact
1,722,300522,100043,0,6,Structure,1.0,0.3036842703819265,894,exact
2,722,300522,100043,0,6,Timing,6.0,0.0,894,exact
3,739,200043,100043,0,6,2,0.0,0.0,894,exact
4,739,200043,100043,0,6,Structure,1.0,5.078274186452191,894,exact
5,739,200043,100043,0,6,Timing,6.0,0.0,894,exact
6,763,300525,100043,0,6,2,0.0,0.0,894,exact
7,763,300525,100043,0,6,Structure,1.0,0.3036842703819294,894,exact
8,763,300525,100043,0,6,Timing,6.0,0.0,894,exact
0,722,300522,100043,0,6,2,0.0,0.0,894,monte_carlo
1,722,300522,100043,0,6,Structure,1.0,0.3056353032588959,894,monte_carlo
2,722,300522,100043,0,6,Timing,6.0,0.0,894,monte_carlo
3,739,200043,100043,0,6,2,0.0,0.0,894,monte_carlo
4,739,200043,100043,0,6,Structure,1.0,5.224457263946533,894,monte_carlo
5,739,200043,100043,0,6,Timing,6.0,0.0,894,monte_carlo
6,763,300525,100043,0,6,2,0.0,0.0,894,monte_carlo
7,763,300525,100043,0,6,Structure,1.0,0.4044959545135498,894,monte_carlo
8,763,300525,100043,0,6,Timing,6.0,0.0,894,monte_carlo
0,571,300426,100035,0,5,2,0.0,0.0,736,exact
1,571,300426,100035,0,5,Structure,1.0,0.2894690632820085,736,exact
2,571,300426,100035,0,5,Timing,5.0,0.0,736,exact
3,572,300429,100035,0,5,2,0.0,0.0,736,exact
4,572,300429,100035,0,5,Structure,1.0,0.28946906328200867,736,exact
5,572,300429,100035,0,5,Timing,5.0,0.0,736,exact
6,575,200035,100035,0,5,2,0.0,0.0,736,exact
7,575,200035,100035,0,5,Structure,1.0,4.086581548055059,736,exact
8,575,200035,100035,0,5,Timing,5.0,0.0,736,exact
0,571,300426,100035,0,5,2,0.0,0.0,736,monte_carlo
1,571,300426,100035,0,5,Structure,1.0,0.2598704993724823,736,monte_carlo
2,571,300426,100035,0,5,Timing,5.0,0.0,736,monte_carlo
3,572,300429,100035,0,5,2,0.0,0.0,736,monte_carlo
4,572,300429,100035,0,5,Structure,1.0,0.23507902026176453,736,monte_carlo
5,572,300429,100035,0,5,Timing,5.0,0.0,736,monte_carlo
6,575,200035,100035,0,5,2,0.0,0.0,736,monte_carlo
7,575,200035,100035,0,5,Structure,1.0,3.973496675491333,736,monte_carlo
8,575,200035,100035,0,5,Timing,5.0,0.0,736,monte_carlo
0,158,200008,100008,0,2,2,0.0,0.0,340,exact
1,158,200008,100008,0,2,Structure,1.0,1.1178671757380167,340,exact
2,158,200008,100008,0,2,Timing,2.0,0.0,340,exact
3,179,300102,100008,0,2,2,0.0,0.0,340,exact
4,179,300102,100008,0,2,Structure,1.0,0.3411332408587121,340,exact
5,179,300102,100008,0,2,Timing,2.0,0.0,340,exact
6,188,300105,100008,0,2,2,0.0,0.0,340,exact
7,188,300105,100008,0,2,Structure,1.0,0.34113324085871216,340,exact
8,188,300105,100008,0,2,Timing,2.0,0.0,340,exact
0,158,200008,100008,0,2,2,0.0,0.0,340,monte_carlo
1,158,200008,100008,0,2,Structure,1.0,1.1882888078689575,340,monte_carlo
2,158,200008,100008,0,2,Timing,2.0,0.0,340,monte_carlo
3,179,300102,100008,0,2,2,0.0,0.0,340,monte_carlo
4,179,300102,100008,0,2,Structure,1.0,0.40542730689048767,340,monte_carlo
5,179,300102,100008,0,2,Timing,2.0,0.0,340,monte_carlo
6,188,300105,100008,0,2,2,0.0,0.0,340,monte_carlo
7,188,300105,100008,0,2,Structure,1.0,0.40492168068885803,340,monte_carlo
8,188,300105,100008,0,2,Timing,2.0,0.0,340,monte_carlo
0,1130,200074,100074,0,9,2,0.0,0.0,1241,exact
1,1130,200074,100074,0,9,Structure,1.0,7.893813880284556,1241,exact
2,1130,200074,100074,0,9,Timing,9.0,0.0,1241,exact
3,1133,300894,100074,0,9,2,0.0,0.0,1241,exact
4,1133,300894,100074,0,9,Structure,1.0,0.32409275770186824,1241,exact
5,1133,300894,100074,0,9,Timing,9.0,0.0,1241,exact
6,1134,300897,100074,0,9,2,0.0,0.0,1241,exact
7,1134,300897,100074,0,9,Structure,1.0,0.32409275770186824,1241,exact
8,1134,300897,100074,0,9,Timing,9.0,0.0,1241,exact
0,1130,200074,100074,0,9,2,0.0,0.0,1241,monte_carlo
1,1130,200074,100074,0,9,Structure,1.0,7.748192310333252,1241,monte_carlo
2,1130,200074,100074,0,9,Timing,9.0,0.0,1241,monte_carlo
3,1133,300894,100074,0,9,2,0.0,0.0,1241,monte_carlo
4,1133,300894,100074,0,9,Structure,1.0,0.3595030903816223,1241,monte_carlo
5,1133,300894,100074,0,9,Timing,9.0,0.0,1241,monte_carlo
6,1134,300897,100074,0,9,2,0.0,0.0,1241,monte_carlo
7,1134,300897,100074,0,9,Structure,1.0,0.37224748730659485,1241,monte_carlo
8,1134,300897,100074,0,9,Timing,9.0,0.0,1241,monte_carlo
0,479,300342,100028,0,4,2,0.0,0.0,627,exact
1,479,300342,100028,0,4,Structure,1.0,0.27738426923751636,627,exact
2,479,300342,100028,0,4,Timing,4.0,0.0,627,exact
3,480,300345,100028,0,4,2,0.0,0.0,627,exact
4,480,300345,100028,0,4,Structure,1.0,0.2773842692375175,627,exact
5,480,300345,100028,0,4,Timing,4.0,0.0,627,exact
6,487,200028,100028,0,4,2,0.0,0.0,627,exact
7,487,200028,100028,0,4,Structure,1.0,3.0609797318776804,627,exact
8,487,200028,100028,0,4,Timing,4.0,0.0,627,exact
0,479,300342,100028,0,4,2,0.0,0.0,627,monte_carlo
1,479,300342,100028,0,4,Structure,1.0,0.2361101657152176,627,monte_carlo
2,479,300342,100028,0,4,Timing,4.0,0.0,627,monte_carlo
3,480,300345,100028,0,4,2,0.0,0.0,627,monte_carlo
4,480,300345,100028,0,4,Structure,1.0,0.275875061750412,627,monte_carlo
5,480,300345,100028,0,4,Timing,4.0,0.0,627,monte_carlo
6,487,200028,100028,0,4,2,0.0,0.0,627,monte_carlo
7,487,200028,100028,0,4,Structure,1.0,3.1392178535461426,627,monte_carlo
8,487,200028,100028,0,4,Timing,4.0,0.0,627,monte_carlo
0,340,300225,100018,0,3,2,0.0,0.0,488,exact
1,340,300225,100018,0,3,Structure,1.0,0.2859332561493011,488,exact
2,340,300225,100018,0,3,Timing,3.0,0.0,488,exact
3,346,300222,100018,0,3,2,0.0,0.0,488,exact
4,346,300222,100018,0,3,Structure,1.0,0.2859334746996581,488,exact
5,346,300222,100018,0,3,Timing,3.0,0.0,488,exact
6,348,200018,100018,0,3,2,0.0,0.0,488,exact
7,348,200018,100018,0,3,Structure,1.0,2.0373098651568045,488,exact
8,348,200018,100018,0,3,Timing,3.0,0.0,488,exact
0,340,300225,100018,0,3,2,0.0,0.0,488,monte_carlo
1,340,300225,100018,0,3,Structure,1.0,0.3428174555301666,488,monte_carlo
2,340,300225,100018,0,3,Timing,3.0,0.0,488,monte_carlo
3,346,300222,100018,0,3,2,0.0,0.0,488,monte_carlo
4,346,300222,100018,0,3,Structure,1.0,0.2654014527797699,488,monte_carlo
5,346,300222,100018,0,3,Timing,3.0,0.0,488,monte_carlo
6,348,200018,100018,0,3,2,0.0,0.0,488,monte_carlo
7,348,200018,100018,0,3,Structure,1.0,2.1072781085968018,488,monte_carlo
8,348,200018,100018,0,3,Timing,3.0,0.0,488,monte_carlo
0,1193,301050,100087,0,10,2,0.0,0.0,1254,exact
1,1193,301050,100087,0,10,Structure,1.0,0.3260517636934879,1254,exact
2,1193,301050,100087,0,10,Timing,10.0,0.0,1254,exact
3,1199,301053,100087,0,10,2,0.0,0.0,1254,exact
4,1199,301053,100087,0,10,Structure,1.0,0.3260517636934901,1254,exact
5,1199,301053,100087,0,10,Timing,10.0,0.0,1254,exact
6,1208,200087,100087,0,10,2,0.0,0.0,1254,exact
7,1208,200087,100087,0,10,Structure,1.0,8.807681830724242,1254,exact
8,1208,200087,100087,0,10,Timing,10.0,0.0,1254,exact
0,1193,301050,100087,0,10,2,0.0,0.0,1254,monte_carlo
1,1193,301050,100087,0,10,Structure,1.0,0.30840760469436646,1254,monte_carlo
2,1193,301050,100087,0,10,Timing,10.0,0.0,1254,monte_carlo
3,1199,301053,100087,0,10,2,0.0,0.0,1254,monte_carlo
4,1199,301053,100087,0,10,Structure,1.0,0.38433900475502014,1254,monte_carlo
5,1199,301053,100087,0,10,Timing,10.0,0.0,1254,monte_carlo
6,1208,200087,100087,0,10,2,0.0,0.0,1254,monte_carlo
7,1208,200087,100087,0,10,Structure,1.0,8.734092712402344,1254,monte_carlo
8,1208,200087,100087,0,10,Timing,10.0,0.0,1254,monte_carlo
0,467,300357,100029,0,4,2,0.0,0.0,616,exact
1,467,300357,100029,0,4,Structure,1.0,0.27738426923751636,616,exact
2,467,300357,100029,0,4,Timing,4.0,0.0,616,exact
3,468,300354,100029,0,4,2,0.0,0.0,616,exact
4,468,300354,100029,0,4,Structure,1.0,0.2773842692375175,616,exact
5,468,300354,100029,0,4,Timing,4.0,0.0,616,exact
6,473,200029,100029,0,4,2,0.0,0.0,616,exact
7,473,200029,100029,0,4,Structure,1.0,3.0609797318776804,616,exact
8,473,200029,100029,0,4,Timing,4.0,0.0,616,exact
0,467,300357,100029,0,4,2,0.0,0.0,616,monte_carlo
1,467,300357,100029,0,4,Structure,1.0,0.2414478063583374,616,monte_carlo
2,467,300357,100029,0,4,Timing,4.0,0.0,616,monte_carlo
3,468,300354,100029,0,4,2,0.0,0.0,616,monte_carlo
4,468,300354,100029,0,4,Structure,1.0,0.3675217032432556,616,monte_carlo
5,468,300354,100029,0,4,Timing,4.0,0.0,616,monte_carlo
6,473,200029,100029,0,4,2,0.0,0.0,616,monte_carlo
7,473,200029,100029,0,4,Structure,1.0,3.1612796783447266,616,monte_carlo
8,473,200029,100029,0,4,Timing,4.0,0.0,616,monte_carlo
0,865,200057,100057,0,7,2,0.0,0.0,1012,exact
1,865,200057,100057,0,7,Structure,1.0,6.036737982432009,1012,exact
2,865,200057,100057,0,7,Timing,7.0,0.0,1012,exact
3,902,300690,100057,0,7,2,0.0,0.0,1012,exact
4,902,300690,100057,0,7,Structure,1.0,0.3140709439913442,1012,exact
5,902,300690,100057,0,7,Timing,7.0,0.0,1012,exact
6,908,300693,100057,0,7,2,0.0,0.0,1012,exact
7,908,300693,100057,0,7,Structure,1.0,0.3140709439913441,1012,exact
8,908,300693,100057,0,7,Timing,7.0,0.0,1012,exact
0,865,200057,100057,0,7,2,0.0,0.0,1012,monte_carlo
1,865,200057,100057,0,7,Structure,1.0,6.0392656326293945,1012,monte_carlo
2,865,200057,100057,0,7,Timing,7.0,0.0,1012,monte_carlo
3,902,300690,100057,0,7,2,0.0,0.0,1012,monte_carlo
4,902,300690,100057,0,7,Structure,1.0,0.339945912361145,1012,monte_carlo
5,902,300690,100057,0,7,Timing,7.0,0.0,1012,monte_carlo
6,908,300693,100057,0,7,2,0.0,0.0,1012,monte_carlo
7,908,300693,100057,0,7,Structure,1.0,0.33787447214126587,1012,monte_carlo
8,908,300693,100057,0,7,Timing,7.0,0.0,1012,monte_carlo
0,295,300129,100010,0,3,2,0.0,0.0,474,exact
1,295,300129,100010,0,3,Structure,1.0,0.28593325614930115,474,exact
2,295,300129,100010,0,3,Timing,3.0,0.0,474,exact
3,296,300126,100010,0,3,2,0.0,0.0,474,exact
4,296,300126,100010,0,3,Structure,1.0,0.2859334746996581,474,exact
5,296,300126,100010,0,3,Timing,3.0,0.0,474,exact
6,304,200010,100010,0,3,2,0.0,0.0,474,exact
7,304,200010,100010,0,3,Structure,1.0,2.0373098651568053,474,exact
8,304,200010,100010,0,3,Timing,3.0,0.0,474,exact
0,295,300129,100010,0,3,2,0.0,0.0,474,monte_carlo
1,295,300129,100010,0,3,Structure,1.0,0.257646769285202,474,monte_carlo
2,295,300129,100010,0,3,Timing,3.0,0.0,474,monte_carlo
3,296,300126,100010,0,3,2,0.0,0.0,474,monte_carlo
4,296,300126,100010,0,3,Structure,1.0,0.28395551443099976,474,monte_carlo
5,296,300126,100010,0,3,Timing,3.0,0.0,474,monte_carlo
6,304,200010,100010,0,3,2,0.0,0.0,474,monte_carlo
7,304,200010,100010,0,3,Structure,1.0,2.0445480346679688,474,monte_carlo
8,304,200010,100010,0,3,Timing,3.0,0.0,474,monte_carlo
0,434,200026,100026,0,4,2,0.0,0.0,613,exact
1,434,200026,100026,0,4,Structure,1.0,3.060979731877681,613,exact
2,434,200026,100026,0,4,Timing,4.0,0.0,613,exact
3,440,300318,100026,0,4,2,0.0,0.0,613,exact
4,440,300318,100026,0,4,Structure,1.0,0.2773842692375173,613,exact
5,440,300318,100026,0,4,Timing,4.0,0.0,613,exact
6,465,300321,100026,0,4,2,0.0,0.0,613,exact
7,465,300321,100026,0,4,Structure,1.0,0.2773842692375171,613,exact
8,465,300321,100026,0,4,Timing,4.0,0.0,613,exact
0,434,200026,100026,0,4,2,0.0,0.0,613,monte_carlo
1,434,200026,100026,0,4,Structure,1.0,2.995670795440674,613,monte_carlo
2,434,200026,100026,0,4,Timing,4.0,0.0,613,monte_carlo
3,440,300318,100026,0,4,2,0.0,0.0,613,monte_carlo
4,440,300318,100026,0,4,Structure,1.0,0.2831525504589081,613,monte_carlo
5,440,300318,100026,0,4,Timing,4.0,0.0,613,monte_carlo
6,465,300321,100026,0,4,2,0.0,0.0,613,monte_carlo
7,465,300321,100026,0,4,Structure,1.0,0.24836032092571259,613,monte_carlo
8,465,300321,100026,0,4,Timing,4.0,0.0,613,monte_carlo
0,155,300069,100005,0,2,2,0.0,0.0,334,exact
1,155,300069,100005,0,2,Structure,1.0,0.3411331971486379,334,exact
2,155,300069,100005,0,2,Timing,2.0,0.0,334,exact
3,176,200005,100005,0,2,2,0.0,0.0,334,exact
4,176,200005,100005,0,2,Structure,1.0,1.1178672711054518,334,exact
5,176,200005,100005,0,2,Timing,2.0,0.0,334,exact
6,187,300066,100005,0,2,2,0.0,0.0,334,exact
7,187,300066,100005,0,2,Structure,1.0,0.3411331971486382,334,exact
8,187,300066,100005,0,2,Timing,2.0,0.0,334,exact
0,155,300069,100005,0,2,2,0.0,0.0,334,monte_carlo
1,155,300069,100005,0,2,Structure,1.0,0.4101303219795227,334,monte_carlo
2,155,300069,100005,0,2,Timing,2.0,0.0,334,monte_carlo
3,176,200005,100005,0,2,2,0.0,0.0,334,monte_carlo
4,176,200005,100005,0,2,Structure,1.0,1.0503833293914795,334,monte_carlo
5,176,200005,100005,0,2,Timing,2.0,0.0,334,monte_carlo
6,187,300066,100005,0,2,2,0.0,0.0,334,monte_carlo
7,187,300066,100005,0,2,Structure,1.0,0.33913707733154297,334,monte_carlo
8,187,300066,100005,0,2,Timing,2.0,0.0,334,monte_carlo
0,301,300153,100012,0,3,2,0.0,0.0,480,exact
1,301,300153,100012,0,3,Structure,1.0,0.2859333157539422,480,exact
2,301,300153,100012,0,3,Timing,3.0,0.0,480,exact
3,315,200012,100012,0,3,2,0.0,0.0,480,exact
4,315,200012,100012,0,3,Structure,1.0,2.0373099247614297,480,exact
5,315,200012,100012,0,3,Timing,3.0,0.0,480,exact
6,327,300150,100012,0,3,2,0.0,0.0,480,exact
7,327,300150,100012,0,3,Structure,1.0,0.28593331575394315,480,exact
8,327,300150,100012,0,3,Timing,3.0,0.0,480,exact
0,301,300153,100012,0,3,2,0.0,0.0,480,monte_carlo
1,301,300153,100012,0,3,Structure,1.0,0.2784370183944702,480,monte_carlo
2,301,300153,100012,0,3,Timing,3.0,0.0,480,monte_carlo
3,315,200012,100012,0,3,2,0.0,0.0,480,monte_carlo
4,315,200012,100012,0,3,Structure,1.0,1.9742248058319092,480,monte_carlo
5,315,200012,100012,0,3,Timing,3.0,0.0,480,monte_carlo
6,327,300150,100012,0,3,2,0.0,0.0,480,monte_carlo
7,327,300150,100012,0,3,Structure,1.0,0.2115759402513504,480,monte_carlo
8,327,300150,100012,0,3,Timing,3.0,0.0,480,monte_carlo
0,607,200039,100039,0,5,2,0.0,0.0,756,exact
1,607,200039,100039,0,5,Structure,1.0,4.086581548055059,756,exact
2,607,200039,100039,0,5,Timing,5.0,0.0,756,exact
3,613,300477,100039,0,5,2,0.0,0.0,756,exact
4,613,300477,100039,0,5,Structure,1.0,0.2894690632820092,756,exact
5,613,300477,100039,0,5,Timing,5.0,0.0,756,exact
6,623,300474,100039,0,5,2,0.0,0.0,756,exact
7,623,300474,100039,0,5,Structure,1.0,0.28946906328200855,756,exact
8,623,300474,100039,0,5,Timing,5.0,0.0,756,exact
0,607,200039,100039,0,5,2,0.0,0.0,756,monte_carlo
1,607,200039,100039,0,5,Structure,1.0,4.067632675170898,756,monte_carlo
2,607,200039,100039,0,5,Timing,5.0,0.0,756,monte_carlo
3,613,300477,100039,0,5,2,0.0,0.0,756,monte_carlo
4,613,300477,100039,0,5,Structure,1.0,0.2017277181148529,756,monte_carlo
5,613,300477,100039,0,5,Timing,5.0,0.0,756,monte_carlo
6,623,300474,100039,0,5,2,0.0,0.0,756,monte_carlo
7,623,300474,100039,0,5,Structure,1.0,0.1922183781862259,756,monte_carlo
8,623,300474,100039,0,5,Timing,5.0,0.0,756,monte_carlo
0,754,300597,100049,0,6,2,0.0,0.0,862,exact
1,754,300597,100049,0,6,Structure,1.0,0.30368434985478243,862,exact
2,754,300597,100049,0,6,Timing,6.0,0.0,862,exact
3,755,300594,100049,0,6,2,0.0,0.0,862,exact
4,755,300594,100049,0,6,Structure,1.0,0.30368434985478276,862,exact
5,755,300594,100049,0,6,Timing,6.0,0.0,862,exact
6,759,200049,100049,0,6,2,0.0,0.0,862,exact
7,759,200049,100049,0,6,Structure,1.0,5.078273550669332,862,exact
8,759,200049,100049,0,6,Timing,6.0,0.0,862,exact
0,754,300597,100049,0,6,2,0.0,0.0,862,monte_carlo
1,754,300597,100049,0,6,Structure,1.0,0.2640615701675415,862,monte_carlo
2,754,300597,100049,0,6,Timing,6.0,0.0,862,monte_carlo
3,755,300594,100049,0,6,2,0.0,0.0,862,monte_carlo
4,755,300594,100049,0,6,Structure,1.0,0.23812010884284973,862,monte_carlo
5,755,300594,100049,0,6,Timing,6.0,0.0,862,monte_carlo
6,759,200049,100049,0,6,2,0.0,0.0,862,monte_carlo
7,759,200049,100049,0,6,Structure,1.0,5.322864055633545,862,monte_carlo
8,759,200049,100049,0,6,Timing,6.0,0.0,862,monte_carlo
0,754,300597,100049,0,6,2,0.0,0.0,862,monte_carlo
1,754,300597,100049,0,6,Structure,1.0,0.23647268116474152,862,monte_carlo
2,754,300597,100049,0,6,Timing,6.0,0.0,862,monte_carlo
3,755,300594,100049,0,6,2,0.0,0.0,862,monte_carlo
4,755,300594,100049,0,6,Structure,1.0,0.23870086669921875,862,monte_carlo
5,755,300594,100049,0,6,Timing,6.0,0.0,862,monte_carlo
6,759,200049,100049,0,6,2,0.0,0.0,862,monte_carlo
7,759,200049,100049,0,6,Structure,1.0,5.216863632202148,862,monte_carlo
8,759,200049,100049,0,6,Timing,6.0,0.0,862,monte_carlo
0,754,300597,100049,0,6,2,0.0,0.0,862,monte_carlo
1,754,300597,100049,0,6,Structure,1.0,0.2886451482772827,862,monte_carlo
2,754,300597,100049,0,6,Timing,6.0,0.0,862,monte_carlo
3,755,300594,100049,0,6,2,0.0,0.0,862,monte_carlo
4,755,300594,100049,0,6,Structure,1.0,0.23645325005054474,862,monte_carlo
5,755,300594,100049,0,6,Timing,6.0,0.0,862,monte_carlo
6,759,200049,100049,0,6,2,0.0,0.0,862,monte_carlo
7,759,200049,100049,0,6,Structure,1.0,5.178504467010498,862,monte_carlo
8,759,200049,100049,0,6,Timing,6.0,0.0,862,monte_carlo
0,754,300597,100049,0,6,2,0.0,0.0,862,monte_carlo
1,754,300597,100049,0,6,Structure,1.0,0.3858206570148468,862,monte_carlo
2,754,300597,100049,0,6,Timing,6.0,0.0,862,monte_carlo
3,755,300594,100049,0,6,2,0.0,0.0,862,monte_carlo
4,755,300594,100049,0,6,Structure,1.0,0.2533462941646576,862,monte_carlo
5,755,300594,100049,0,6,Timing,6.0,0.0,862,monte_carlo
6,759,200049,100049,0,6,2,0.0,0.0,862,monte_carlo
7,759,200049,100049,0,6,Structure,1.0,5.065616607666016,862,monte_carlo
8,759,200049,100049,0,6,Timing,6.0,0.0,862,monte_carlo
0,754,300597,100049,0,6,2,0.0,0.0,862,monte_carlo
1,754,300597,100049,0,6,Structure,1.0,0.3108654022216797,862,monte_carlo
2,754,300597,100049,0,6,Timing,6.0,0.0,862,monte_carlo
3,755,300594,100049,0,6,2,0.0,0.0,862,monte_carlo
4,755,300594,100049,0,6,Structure,1.0,0.29631710052490234,862,monte_carlo
5,755,300594,100049,0,6,Timing,6.0,0.0,862,monte_carlo
6,759,200049,100049,0,6,2,0.0,0.0,862,monte_carlo
7,759,200049,100049,0,6,Structure,1.0,5.132551670074463,862,monte_carlo
8,759,200049,100049,0,6,Timing,6.0,0.0,862,monte_carlo
0,432,300306,100025,0,4,2,0.0,0.0,610,exact
1,432,300306,100025,0,4,Structure,1.0,0.27738426923751675,610,exact
2,432,300306,100025,0,4,Timing,4.0,0.0,610,exact
3,433,300309,100025,0,4,2,0.0,0.0,610,exact
4,433,300309,100025,0,4,Structure,1.0,0.2773842692375174,610,exact
5,433,300309,100025,0,4,Timing,4.0,0.0,610,exact
6,436,200025,100025,0,4,2,0.0,0.0,610,exact
7,436,200025,100025,0,4,Structure,1.0,3.06097973187768,610,exact
8,436,200025,100025,0,4,Timing,4.0,0.0,610,exact
0,432,300306,100025,0,4,2,0.0,0.0,610,monte_carlo
1,432,300306,100025,0,4,Structure,1.0,0.21134038269519806,610,monte_carlo
2,432,300306,100025,0,4,Timing,4.0,0.0,610,monte_carlo
3,433,300309,100025,0,4,2,0.0,0.0,610,monte_carlo
4,433,300309,100025,0,4,Structure,1.0,0.3043217360973358,610,monte_carlo
5,433,300309,100025,0,4,Timing,4.0,0.0,610,monte_carlo
6,436,200025,100025,0,4,2,0.0,0.0,610,monte_carlo
7,436,200025,100025,0,4,Structure,1.0,3.272693634033203,610,monte_carlo
8,436,200025,100025,0,4,Timing,4.0,0.0,610,monte_carlo
0,432,300306,100025,0,4,2,0.0,0.0,610,monte_carlo
1,432,300306,100025,0,4,Structure,1.0,0.29054486751556396,610,monte_carlo
2,432,300306,100025,0,4,Timing,4.0,0.0,610,monte_carlo
3,433,300309,100025,0,4,2,0.0,0.0,610,monte_carlo
4,433,300309,100025,0,4,Structure,1.0,0.31091734766960144,610,monte_carlo
5,433,300309,100025,0,4,Timing,4.0,0.0,610,monte_carlo
6,436,200025,100025,0,4,2,0.0,0.0,610,monte_carlo
7,436,200025,100025,0,4,Structure,1.0,3.0611460208892822,610,monte_carlo
8,436,200025,100025,0,4,Timing,4.0,0.0,610,monte_carlo
0,432,300306,100025,0,4,2,0.0,0.0,610,monte_carlo
1,432,300306,100025,0,4,Structure,1.0,0.1973910629749298,610,monte_carlo
2,432,300306,100025,0,4,Timing,4.0,0.0,610,monte_carlo
3,433,300309,100025,0,4,2,0.0,0.0,610,monte_carlo
4,433,300309,100025,0,4,Structure,1.0,0.2609754800796509,610,monte_carlo
5,433,300309,100025,0,4,Timing,4.0,0.0,610,monte_carlo
6,436,200025,100025,0,4,2,0.0,0.0,610,monte_carlo
7,436,200025,100025,0,4,Structure,1.0,3.0999324321746826,610,monte_carlo
8,436,200025,100025,0,4,Timing,4.0,0.0,610,monte_carlo
0,432,300306,100025,0,4,2,0.0,0.0,610,monte_carlo
1,432,300306,100025,0,4,Structure,1.0,0.4013541638851166,610,monte_carlo
2,432,300306,100025,0,4,Timing,4.0,0.0,610,monte_carlo
3,433,300309,100025,0,4,2,0.0,0.0,610,monte_carlo
4,433,300309,100025,0,4,Structure,1.0,0.20412106812000275,610,monte_carlo
5,433,300309,100025,0,4,Timing,4.0,0.0,610,monte_carlo
6,436,200025,100025,0,4,2,0.0,0.0,610,monte_carlo
7,436,200025,100025,0,4,Structure,1.0,3.076660633087158,610,monte_carlo
8,436,200025,100025,0,4,Timing,4.0,0.0,610,monte_carlo
0,432,300306,100025,0,4,2,0.0,0.0,610,monte_carlo
1,432,300306,100025,0,4,Structure,1.0,0.22769047319889069,610,monte_carlo
2,432,300306,100025,0,4,Timing,4.0,0.0,610,monte_carlo
3,433,300309,100025,0,4,2,0.0,0.0,610,monte_carlo
4,433,300309,100025,0,4,Structure,1.0,0.22757554054260254,610,monte_carlo
5,433,300309,100025,0,4,Timing,4.0,0.0,610,monte_carlo
6,436,200025,100025,0,4,2,0.0,0.0,610,monte_carlo
7,436,200025,100025,0,4,Structure,1.0,3.0504703521728516,610,monte_carlo
8,436,200025,100025,0,4,Timing,4.0,0.0,610,monte_carlo
0,866,300657,100054,0,7,2,0.0,0.0,1021,exact
1,866,300657,100054,0,7,Structure,1.0,0.31407094399134444,1021,exact
2,866,300657,100054,0,7,Timing,7.0,0.0,1021,exact
3,867,300654,100054,0,7,2,0.0,0.0,1021,exact
4,867,300654,100054,0,7,Structure,1.0,0.3140709439913448,1021,exact
5,867,300654,100054,0,7,Timing,7.0,0.0,1021,exact
6,880,200054,100054,0,7,2,0.0,0.0,1021,exact
7,880,200054,100054,0,7,Structure,1.0,6.036737982432012,1021,exact
8,880,200054,100054,0,7,Timing,7.0,0.0,1021,exact
0,866,300657,100054,0,7,2,0.0,0.0,1021,monte_carlo
1,866,300657,100054,0,7,Structure,1.0,0.17723268270492554,1021,monte_carlo
2,866,300657,100054,0,7,Timing,7.0,0.0,1021,monte_carlo
3,867,300654,100054,0,7,2,0.0,0.0,1021,monte_carlo
4,867,300654,100054,0,7,Structure,1.0,0.21283873915672302,1021,monte_carlo
5,867,300654,100054,0,7,Timing,7.0,0.0,1021,monte_carlo
6,880,200054,100054,0,7,2,0.0,0.0,1021,monte_carlo
7,880,200054,100054,0,7,Structure,1.0,5.984710216522217,1021,monte_carlo
8,880,200054,100054,0,7,Timing,7.0,0.0,1021,monte_carlo
0,866,300657,100054,0,7,2,0.0,0.0,1021,monte_carlo
1,866,300657,100054,0,7,Structure,1.0,0.47808322310447693,1021,monte_carlo
2,866,300657,100054,0,7,Timing,7.0,0.0,1021,monte_carlo
3,867,300654,100054,0,7,2,0.0,0.0,1021,monte_carlo
4,867,300654,100054,0,7,Structure,1.0,0.3399766683578491,1021,monte_carlo
5,867,300654,100054,0,7,Timing,7.0,0.0,1021,monte_carlo
6,880,200054,100054,0,7,2,0.0,0.0,1021,monte_carlo
7,880,200054,100054,0,7,Structure,1.0,6.005569934844971,1021,monte_carlo
8,880,200054,100054,0,7,Timing,7.0,0.0,1021,monte_carlo
0,866,300657,100054,0,7,2,0.0,0.0,1021,monte_carlo
1,866,300657,100054,0,7,Structure,1.0,0.3028850555419922,1021,monte_carlo
2,866,300657,100054,0,7,Timing,7.0,0.0,1021,monte_carlo
3,867,300654,100054,0,7,2,0.0,0.0,1021,monte_carlo
4,867,300654,100054,0,7,Structure,1.0,0.2945327162742615,1021,monte_carlo
5,867,300654,100054,0,7,Timing,7.0,0.0,1021,monte_carlo
6,880,200054,100054,0,7,2,0.0,0.0,1021,monte_carlo
7,880,200054,100054,0,7,Structure,1.0,5.894356727600098,1021,monte_carlo
8,880,200054,100054,0,7,Timing,7.0,0.0,1021,monte_carlo
0,866,300657,100054,0,7,2,0.0,0.0,1021,monte_carlo
1,866,300657,100054,0,7,Structure,1.0,0.36687976121902466,1021,monte_carlo
2,866,300657,100054,0,7,Timing,7.0,0.0,1021,monte_carlo
3,867,300654,100054,0,7,2,0.0,0.0,1021,monte_carlo
4,867,300654,100054,0,7,Structure,1.0,0.3530241847038269,1021,monte_carlo
5,867,300654,100054,0,7,Timing,7.0,0.0,1021,monte_carlo
6,880,200054,100054,0,7,2,0.0,0.0,1021,monte_carlo
7,880,200054,100054,0,7,Structure,1.0,5.963021278381348,1021,monte_carlo
8,880,200054,100054,0,7,Timing,7.0,0.0,1021,monte_carlo
0,866,300657,100054,0,7,2,0.0,0.0,1021,monte_carlo
1,866,300657,100054,0,7,Structure,1.0,0.26503118872642517,1021,monte_carlo
2,866,300657,100054,0,7,Timing,7.0,0.0,1021,monte_carlo
3,867,300654,100054,0,7,2,0.0,0.0,1021,monte_carlo
4,867,300654,100054,0,7,Structure,1.0,0.22587846219539642,1021,monte_carlo
5,867,300654,100054,0,7,Timing,7.0,0.0,1021,monte_carlo
6,880,200054,100054,0,7,2,0.0,0.0,1021,monte_carlo
7,880,200054,100054,0,7,Structure,1.0,6.057801246643066,1021,monte_carlo
8,880,200054,100054,0,7,Timing,7.0,0.0,1021,monte_carlo
0,1137,300885,100073,0,9,2,0.0,0.0,1193,exact
1,1137,300885,100073,0,9,Structure,1.0,0.3240927577018671,1193,exact
2,1137,300885,100073,0,9,Timing,9.0,0.0,1193,exact
3,1149,300882,100073,0,9,2,0.0,0.0,1193,exact
4,1149,300882,100073,0,9,Structure,1.0,0.32409275770186863,1193,exact
5,1149,300882,100073,0,9,Timing,9.0,0.0,1193,exact
6,1168,200073,100073,0,9,2,0.0,0.0,1193,exact
7,1168,200073,100073,0,9,Structure,1.0,7.893813880284555,1193,exact
8,1168,200073,100073,0,9,Timing,9.0,0.0,1193,exact
0,1137,300885,100073,0,9,2,0.0,0.0,1193,monte_carlo
1,1137,300885,100073,0,9,Structure,1.0,0.6054651737213135,1193,monte_carlo
2,1137,300885,100073,0,9,Timing,9.0,0.0,1193,monte_carlo
3,1149,300882,100073,0,9,2,0.0,0.0,1193,monte_carlo
4,1149,300882,100073,0,9,Structure,1.0,0.30768364667892456,1193,monte_carlo
5,1149,300882,100073,0,9,Timing,9.0,0.0,1193,monte_carlo
6,1168,200073,100073,0,9,2,0.0,0.0,1193,monte_carlo
7,1168,200073,100073,0,9,Structure,1.0,7.843789100646973,1193,monte_carlo
8,1168,200073,100073,0,9,Timing,9.0,0.0,1193,monte_carlo
0,1137,300885,100073,0,9,2,0.0,0.0,1193,monte_carlo
1,1137,300885,100073,0,9,Structure,1.0,0.40567880868911743,1193,monte_carlo
2,1137,300885,100073,0,9,Timing,9.0,0.0,1193,monte_carlo
3,1149,300882,100073,0,9,2,0.0,0.0,1193,monte_carlo
4,1149,300882,100073,0,9,Structure,1.0,0.2575347125530243,1193,monte_carlo
5,1149,300882,100073,0,9,Timing,9.0,0.0,1193,monte_carlo
6,1168,200073,100073,0,9,2,0.0,0.0,1193,monte_carlo
7,1168,200073,100073,0,9,Structure,1.0,7.827436447143555,1193,monte_carlo
8,1168,200073,100073,0,9,Timing,9.0,0.0,1193,monte_carlo
0,1137,300885,100073,0,9,2,0.0,0.0,1193,monte_carlo
1,1137,300885,100073,0,9,Structure,1.0,0.35986533761024475,1193,monte_carlo
2,1137,300885,100073,0,9,Timing,9.0,0.0,1193,monte_carlo
3,1149,300882,100073,0,9,2,0.0,0.0,1193,monte_carlo
4,1149,300882,100073,0,9,Structure,1.0,0.32126352190971375,1193,monte_carlo
5,1149,300882,100073,0,9,Timing,9.0,0.0,1193,monte_carlo
6,1168,200073,100073,0,9,2,0.0,0.0,1193,monte_carlo
7,1168,200073,100073,0,9,Structure,1.0,7.799177169799805,1193,monte_carlo
8,1168,200073,100073,0,9,Timing,9.0,0.0,1193,monte_carlo
0,1137,300885,100073,0,9,2,0.0,0.0,1193,monte_carlo
1,1137,300885,100073,0,9,Structure,1.0,0.3136899173259735,1193,monte_carlo
2,1137,300885,100073,0,9,Timing,9.0,0.0,1193,monte_carlo
3,1149,300882,100073,0,9,2,0.0,0.0,1193,monte_carlo
4,1149,300882,100073,0,9,Structure,1.0,0.37982508540153503,1193,monte_carlo
5,1149,300882,100073,0,9,Timing,9.0,0.0,1193,monte_carlo
6,1168,200073,100073,0,9,2,0.0,0.0,1193,monte_carlo
7,1168,200073,100073,0,9,Structure,1.0,7.909084796905518,1193,monte_carlo
8,1168,200073,100073,0,9,Timing,9.0,0.0,1193,monte_carlo
0,1137,300885,100073,0,9,2,0.0,0.0,1193,monte_carlo
1,1137,300885,100073,0,9,Structure,1.0,0.37742069363594055,1193,monte_carlo
2,1137,300885,100073,0,9,Timing,9.0,0.0,1193,monte_carlo
3,1149,300882,100073,0,9,2,0.0,0.0,1193,monte_carlo
4,1149,300882,100073,0,9,Structure,1.0,0.2551315426826477,1193,monte_carlo
5,1149,300882,100073,0,9,Timing,9.0,0.0,1193,monte_carlo
6,1168,200073,100073,0,9,2,0.0,0.0,1193,monte_carlo
7,1168,200073,100073,0,9,Structure,1.0,7.876016616821289,1193,monte_carlo
8,1168,200073,100073,0,9,Timing,9.0,0.0,1193,monte_carlo
0,194,300006,100000,0,2,2,0.0,0.0,287,exact
1,194,300006,100000,0,2,Structure,1.0,0.3411331971486386,287,exact
2,194,300006,100000,0,2,Timing,2.0,0.0,287,exact
3,195,200000,100000,0,2,2,0.0,0.0,287,exact
4,195,200000,100000,0,2,Structure,1.0,1.1178672711054518,287,exact
5,195,200000,100000,0,2,Timing,2.0,0.0,287,exact
6,197,300009,100000,0,2,2,0.0,0.0,287,exact
7,197,300009,100000,0,2,Structure,1.0,0.34113319714863777,287,exact
8,197,300009,100000,0,2,Timing,2.0,0.0,287,exact
0,194,300006,100000,0,2,2,0.0,0.0,287,monte_carlo
1,194,300006,100000,0,2,Structure,1.0,0.2945167124271393,287,monte_carlo
2,194,300006,100000,0,2,Timing,2.0,0.0,287,monte_carlo
3,195,200000,100000,0,2,2,0.0,0.0,287,monte_carlo
4,195,200000,100000,0,2,Structure,1.0,0.9925402402877808,287,monte_carlo
5,195,200000,100000,0,2,Timing,2.0,0.0,287,monte_carlo
6,197,300009,100000,0,2,2,0.0,0.0,287,monte_carlo
7,197,300009,100000,0,2,Structure,1.0,0.22551774978637695,287,monte_carlo
8,197,300009,100000,0,2,Timing,2.0,0.0,287,monte_carlo
0,194,300006,100000,0,2,2,0.0,0.0,287,monte_carlo
1,194,300006,100000,0,2,Structure,1.0,0.309541255235672,287,monte_carlo
2,194,300006,100000,0,2,Timing,2.0,0.0,287,monte_carlo
3,195,200000,100000,0,2,2,0.0,0.0,287,monte_carlo
4,195,200000,100000,0,2,Structure,1.0,1.096117377281189,287,monte_carlo
5,195,200000,100000,0,2,Timing,2.0,0.0,287,monte_carlo
6,197,300009,100000,0,2,2,0.0,0.0,287,monte_carlo
7,197,300009,100000,0,2,Structure,1.0,0.3727911710739136,287,monte_carlo
8,197,300009,100000,0,2,Timing,2.0,0.0,287,monte_carlo
0,194,300006,100000,0,2,2,0.0,0.0,287,monte_carlo
1,194,300006,100000,0,2,Structure,1.0,0.37037280201911926,287,monte_carlo
2,194,300006,100000,0,2,Timing,2.0,0.0,287,monte_carlo
3,195,200000,100000,0,2,2,0.0,0.0,287,monte_carlo
4,195,200000,100000,0,2,Structure,1.0,1.1801789999008179,287,monte_carlo
5,195,200000,100000,0,2,Timing,2.0,0.0,287,monte_carlo
6,197,300009,100000,0,2,2,0.0,0.0,287,monte_carlo
7,197,300009,100000,0,2,Structure,1.0,0.30233293771743774,287,monte_carlo
8,197,300009,100000,0,2,Timing,2.0,0.0,287,monte_carlo
0,194,300006,100000,0,2,2,0.0,0.0,287,monte_carlo
1,194,300006,100000,0,2,Structure,1.0,0.367216020822525,287,monte_carlo
2,194,300006,100000,0,2,Timing,2.0,0.0,287,monte_carlo
3,195,200000,100000,0,2,2,0.0,0.0,287,monte_carlo
4,195,200000,100000,0,2,Structure,1.0,1.0988205671310425,287,monte_carlo
5,195,200000,100000,0,2,Timing,2.0,0.0,287,monte_carlo
6,197,300009,100000,0,2,2,0.0,0.0,287,monte_carlo
7,197,300009,100000,0,2,Structure,1.0,0.3157384693622589,287,monte_carlo
8,197,300009,100000,0,2,Timing,2.0,0.0,287,monte_carlo
0,194,300006,100000,0,2,2,0.0,0.0,287,monte_carlo
1,194,300006,100000,0,2,Structure,1.0,0.27741074562072754,287,monte_carlo
2,194,300006,100000,0,2,Timing,2.0,0.0,287,monte_carlo
3,195,200000,100000,0,2,2,0.0,0.0,287,monte_carlo
4,195,200000,100000,0,2,Structure,1.0,1.0840080976486206,287,monte_carlo
5,195,200000,100000,0,2,Timing,2.0,0.0,287,monte_carlo
6,197,300009,100000,0,2,2,0.0,0.0,287,monte_carlo
7,197,300009,100000,0,2,Structure,1.0,0.3068380057811737,287,monte_carlo
8,197,300009,100000,0,2,Timing,2.0,0.0,287,monte_carlo
0,754,300597,100049,0,6,2,0.0,0.0,862,exact
1,754,300597,100049,0,6,Structure,1.0,0.30368434985478243,862,exact
2,754,300597,100049,0,6,Timing,6.0,0.0,862,exact
3,755,300594,100049,0,6,2,0.0,0.0,862,exact
4,755,300594,100049,0,6,Structure,1.0,0.30368434985478276,862,exact
5,755,300594,100049,0,6,Timing,6.0,0.0,862,exact
6,759,200049,100049,0,6,2,0.0,0.0,862,exact
7,759,200049,100049,0,6,Structure,1.0,5.078273550669332,862,exact
8,759,200049,100049,0,6,Timing,6.0,0.0,862,exact
0,754,300597,100049,0,6,2,0.0,0.0,862,monte_carlo
1,754,300597,100049,0,6,Structure,1.0,-0.04974937438964844,862,monte_carlo
2,754,300597,100049,0,6,Timing,6.0,0.0,862,monte_carlo
3,755,300594,100049,0,6,2,0.0,0.0,862,monte_carlo
4,755,300594,100049,0,6,Structure,1.0,-0.048487186431884766,862,monte_carlo
5,755,300594,100049,0,6,Timing,6.0,0.0,862,monte_carlo
6,759,200049,100049,0,6,2,0.0,0.0,862,monte_carlo
7,759,200049,100049,0,6,Structure,1.0,4.537210464477539,862,monte_carlo
8,759,200049,100049,0,6,Timing,6.0,0.0,862,monte_carlo
0,754,300597,100049,0,6,2,0.0,0.0,862,monte_carlo
1,754,300597,100049,0,6,Structure,1.0,-0.0491182804107666,862,monte_carlo
2,754,300597,100049,0,6,Timing,6.0,0.0,862,monte_carlo
3,755,300594,100049,0,6,2,0.0,0.0,862,monte_carlo
4,755,300594,100049,0,6,Structure,1.0,0.38532447814941406,862,monte_carlo
5,755,300594,100049,0,6,Timing,6.0,0.0,862,monte_carlo
6,759,200049,100049,0,6,2,0.0,0.0,862,monte_carlo
7,759,200049,100049,0,6,Structure,1.0,4.725471019744873,862,monte_carlo
8,759,200049,100049,0,6,Timing,6.0,0.0,862,monte_carlo
0,754,300597,100049,0,6,2,0.0,0.0,862,monte_carlo
1,754,300597,100049,0,6,Structure,1.0,0.04564332962036133,862,monte_carlo
2,754,300597,100049,0,6,Timing,6.0,0.0,862,monte_carlo
3,755,300594,100049,0,6,2,0.0,0.0,862,monte_carlo
4,755,300594,100049,0,6,Structure,1.0,0.4797702431678772,862,monte_carlo
5,755,300594,100049,0,6,Timing,6.0,0.0,862,monte_carlo
6,759,200049,100049,0,6,2,0.0,0.0,862,monte_carlo
7,759,200049,100049,0,6,Structure,1.0,5.566342353820801,862,monte_carlo
8,759,200049,100049,0,6,Timing,6.0,0.0,862,monte_carlo
0,754,300597,100049,0,6,2,0.0,0.0,862,monte_carlo
1,754,300597,100049,0,6,Structure,1.0,0.22141332924365997,862,monte_carlo
2,754,300597,100049,0,6,Timing,6.0,0.0,862,monte_carlo
3,755,300594,100049,0,6,2,0.0,0.0,862,monte_carlo
4,755,300594,100049,0,6,Structure,1.0,0.2218342274427414,862,monte_carlo
5,755,300594,100049,0,6,Timing,6.0,0.0,862,monte_carlo
6,759,200049,100049,0,6,2,0.0,0.0,862,monte_carlo
7,759,200049,100049,0,6,Structure,1.0,5.141027450561523,862,monte_carlo
8,759,200049,100049,0,6,Timing,6.0,0.0,862,monte_carlo
0,754,300597,100049,0,6,2,0.0,0.0,862,monte_carlo
1,754,300597,100049,0,6,Structure,1.0,0.30992963910102844,862,monte_carlo
2,754,300597,100049,0,6,Timing,6.0,0.0,862,monte_carlo
3,755,300594,100049,0,6,2,0.0,0.0,862,monte_carlo
4,755,300594,100049,0,6,Structure,1.0,0.32409459352493286,862,monte_carlo
5,755,300594,100049,0,6,Timing,6.0,0.0,862,monte_carlo
6,759,200049,100049,0,6,2,0.0,0.0,862,monte_carlo
7,759,200049,100049,0,6,Structure,1.0,4.990073204040527,862,monte_carlo
8,759,200049,100049,0,6,Timing,6.0,0.0,862,monte_carlo
0,432,300306,100025,0,4,2,0.0,0.0,610,exact
1,432,300306,100025,0,4,Structure,1.0,0.27738426923751675,610,exact
2,432,300306,100025,0,4,Timing,4.0,0.0,610,exact
3,433,300309,100025,0,4,2,0.0,0.0,610,exact
4,433,300309,100025,0,4,Structure,1.0,0.2773842692375174,610,exact
5,433,300309,100025,0,4,Timing,4.0,0.0,610,exact
6,436,200025,100025,0,4,2,0.0,0.0,610,exact
7,436,200025,100025,0,4,Structure,1.0,3.06097973187768,610,exact
8,436,200025,100025,0,4,Timing,4.0,0.0,610,exact
0,432,300306,100025,0,4,2,0.0,0.0,610,monte_carlo
1,432,300306,100025,0,4,Structure,1.0,-0.09755420684814453,610,monte_carlo
2,432,300306,100025,0,4,Timing,4.0,0.0,610,monte_carlo
3,433,300309,100025,0,4,2,0.0,0.0,610,monte_carlo
4,433,300309,100025,0,4,Structure,1.0,-0.09755468368530273,610,monte_carlo
5,433,300309,100025,0,4,Timing,4.0,0.0,610,monte_carlo
6,436,200025,100025,0,4,2,0.0,0.0,610,monte_carlo
7,436,200025,100025,0,4,Structure,1.0,2.892904281616211,610,monte_carlo
8,436,200025,100025,0,4,Timing,4.0,0.0,610,monte_carlo
0,432,300306,100025,0,4,2,0.0,0.0,610,monte_carlo
1,432,300306,100025,0,4,Structure,1.0,-0.103485107421875,610,monte_carlo
2,432,300306,100025,0,4,Timing,4.0,0.0,610,monte_carlo
3,433,300309,100025,0,4,2,0.0,0.0,610,monte_carlo
4,433,300309,100025,0,4,Structure,1.0,-0.09755444526672363,610,monte_carlo
5,433,300309,100025,0,4,Timing,4.0,0.0,610,monte_carlo
6,436,200025,100025,0,4,2,0.0,0.0,610,monte_carlo
7,436,200025,100025,0,4,Structure,1.0,2.680109977722168,610,monte_carlo
8,436,200025,100025,0,4,Timing,4.0,0.0,610,monte_carlo
0,432,300306,100025,0,4,2,0.0,0.0,610,monte_carlo
1,432,300306,100025,0,4,Structure,1.0,-0.10645067691802979,610,monte_carlo
2,432,300306,100025,0,4,Timing,4.0,0.0,610,monte_carlo
3,433,300309,100025,0,4,2,0.0,0.0,610,monte_carlo
4,433,300309,100025,0,4,Structure,1.0,0.587944746017456,610,monte_carlo
5,433,300309,100025,0,4,Timing,4.0,0.0,610,monte_carlo
6,436,200025,100025,0,4,2,0.0,0.0,610,monte_carlo
7,436,200025,100025,0,4,Structure,1.0,3.2514145374298096,610,monte_carlo
8,436,200025,100025,0,4,Timing,4.0,0.0,610,monte_carlo
0,432,300306,100025,0,4,2,0.0,0.0,610,monte_carlo
1,432,300306,100025,0,4,Structure,1.0,0.512437105178833,610,monte_carlo
2,432,300306,100025,0,4,Timing,4.0,0.0,610,monte_carlo
3,433,300309,100025,0,4,2,0.0,0.0,610,monte_carlo
4,433,300309,100025,0,4,Structure,1.0,0.36142194271087646,610,monte_carlo
5,433,300309,100025,0,4,Timing,4.0,0.0,610,monte_carlo
6,436,200025,100025,0,4,2,0.0,0.0,610,monte_carlo
7,436,200025,100025,0,4,Structure,1.0,3.0609798431396484,610,monte_carlo
8,436,200025,100025,0,4,Timing,4.0,0.0,610,monte_carlo
0,432,300306,100025,0,4,2,0.0,0.0,610,monte_carlo
1,432,300306,100025,0,4,Structure,1.0,0.2983936667442322,610,monte_carlo
2,432,300306,100025,0,4,Timing,4.0,0.0,610,monte_carlo
3,433,300309,100025,0,4,2,0.0,0.0,610,monte_carlo
4,433,300309,100025,0,4,Structure,1.0,-0.05028674006462097,610,monte_carlo
5,433,300309,100025,0,4,Timing,4.0,0.0,610,monte_carlo
6,436,200025,100025,0,4,2,0.0,0.0,610,monte_carlo
7,436,200025,100025,0,4,Structure,1.0,3.3144428730010986,610,monte_carlo
8,436,200025,100025,0,4,Timing,4.0,0.0,610,monte_carlo
0,866,300657,100054,0,7,2,0.0,0.0,1021,exact
1,866,300657,100054,0,7,Structure,1.0,0.31407094399134444,1021,exact
2,866,300657,100054,0,7,Timing,7.0,0.0,1021,exact
3,867,300654,100054,0,7,2,0.0,0.0,1021,exact
4,867,300654,100054,0,7,Structure,1.0,0.3140709439913448,1021,exact
5,867,300654,100054,0,7,Timing,7.0,0.0,1021,exact
6,880,200054,100054,0,7,2,0.0,0.0,1021,exact
7,880,200054,100054,0,7,Structure,1.0,6.036737982432012,1021,exact
8,880,200054,100054,0,7,Timing,7.0,0.0,1021,exact
0,866,300657,100054,0,7,2,0.0,0.0,1021,monte_carlo
1,866,300657,100054,0,7,Structure,1.0,0.8203983306884766,1021,monte_carlo
2,866,300657,100054,0,7,Timing,7.0,0.0,1021,monte_carlo
3,867,300654,100054,0,7,2,0.0,0.0,1021,monte_carlo
4,867,300654,100054,0,7,Structure,1.0,-0.028023719787597656,1021,monte_carlo
5,867,300654,100054,0,7,Timing,7.0,0.0,1021,monte_carlo
6,880,200054,100054,0,7,2,0.0,0.0,1021,monte_carlo
7,880,200054,100054,0,7,Structure,1.0,6.721261978149414,1021,monte_carlo
8,880,200054,100054,0,7,Timing,7.0,0.0,1021,monte_carlo
0,866,300657,100054,0,7,2,0.0,0.0,1021,monte_carlo
1,866,300657,100054,0,7,Structure,1.0,-0.028023719787597656,1021,monte_carlo
2,866,300657,100054,0,7,Timing,7.0,0.0,1021,monte_carlo
3,867,300654,100054,0,7,2,0.0,0.0,1021,monte_carlo
4,867,300654,100054,0,7,Structure,1.0,-0.028024673461914062,1021,monte_carlo
5,867,300654,100054,0,7,Timing,7.0,0.0,1021,monte_carlo
6,880,200054,100054,0,7,2,0.0,0.0,1021,monte_carlo
7,880,200054,100054,0,7,Structure,1.0,5.694477081298828,1021,monte_carlo
8,880,200054,100054,0,7,Timing,7.0,0.0,1021,monte_carlo
0,866,300657,100054,0,7,2,0.0,0.0,1021,monte_carlo
1,866,300657,100054,0,7,Structure,1.0,0.1840813159942627,1021,monte_carlo
2,866,300657,100054,0,7,Timing,7.0,0.0,1021,monte_carlo
3,867,300654,100054,0,7,2,0.0,0.0,1021,monte_carlo
4,867,300654,100054,0,7,Structure,1.0,0.2730957269668579,1021,monte_carlo
5,867,300654,100054,0,7,Timing,7.0,0.0,1021,monte_carlo
6,880,200054,100054,0,7,2,0.0,0.0,1021,monte_carlo
7,880,200054,100054,0,7,Structure,1.0,6.084695816040039,1021,monte_carlo
8,880,200054,100054,0,7,Timing,7.0,0.0,1021,monte_carlo
0,866,300657,100054,0,7,2,0.0,0.0,1021,monte_carlo
1,866,300657,100054,0,7,Structure,1.0,0.5148731470108032,1021,monte_carlo
2,866,300657,100054,0,7,Timing,7.0,0.0,1021,monte_carlo
3,867,300654,100054,0,7,2,0.0,0.0,1021,monte_carlo
4,867,300654,100054,0,7,Structure,1.0,0.031207958236336708,1021,monte_carlo
5,867,300654,100054,0,7,Timing,7.0,0.0,1021,monte_carlo
6,880,200054,100054,0,7,2,0.0,0.0,1021,monte_carlo
7,880,200054,100054,0,7,Structure,1.0,6.0960822105407715,1021,monte_carlo
8,880,200054,100054,0,7,Timing,7.0,0.0,1021,monte_carlo
0,866,300657,100054,0,7,2,0.0,0.0,1021,monte_carlo
1,866,300657,100054,0,7,Structure,1.0,0.44065263867378235,1021,monte_carlo
2,866,300657,100054,0,7,Timing,7.0,0.0,1021,monte_carlo
3,867,300654,100054,0,7,2,0.0,0.0,1021,monte_carlo
4,867,300654,100054,0,7,Structure,1.0,0.3961453437805176,1021,monte_carlo
5,867,300654,100054,0,7,Timing,7.0,0.0,1021,monte_carlo
6,880,200054,100054,0,7,2,0.0,0.0,1021,monte_carlo
7,880,200054,100054,0,7,Structure,1.0,5.800571918487549,1021,monte_carlo
8,880,200054,100054,0,7,Timing,7.0,0.0,1021,monte_carlo
0,1137,300885,100073,0,9,2,0.0,0.0,1193,exact
1,1137,300885,100073,0,9,Structure,1.0,0.3240927577018671,1193,exact
2,1137,300885,100073,0,9,Timing,9.0,0.0,1193,exact
3,1149,300882,100073,0,9,2,0.0,0.0,1193,exact
4,1149,300882,100073,0,9,Structure,1.0,0.32409275770186863,1193,exact
5,1149,300882,100073,0,9,Timing,9.0,0.0,1193,exact
6,1168,200073,100073,0,9,2,0.0,0.0,1193,exact
7,1168,200073,100073,0,9,Structure,1.0,7.893813880284555,1193,exact
8,1168,200073,100073,0,9,Timing,9.0,0.0,1193,exact
0,1137,300885,100073,0,9,2,0.0,0.0,1193,monte_carlo
1,1137,300885,100073,0,9,Structure,1.0,-0.008087158203125,1193,monte_carlo
2,1137,300885,100073,0,9,Timing,9.0,0.0,1193,monte_carlo
3,1149,300882,100073,0,9,2,0.0,0.0,1193,monte_carlo
4,1149,300882,100073,0,9,Structure,1.0,0.3280339241027832,1193,monte_carlo
5,1149,300882,100073,0,9,Timing,9.0,0.0,1193,monte_carlo
6,1168,200073,100073,0,9,2,0.0,0.0,1193,monte_carlo
7,1168,200073,100073,0,9,Structure,1.0,7.393565654754639,1193,monte_carlo
8,1168,200073,100073,0,9,Timing,9.0,0.0,1193,monte_carlo
0,1137,300885,100073,0,9,2,0.0,0.0,1193,monte_carlo
1,1137,300885,100073,0,9,Structure,1.0,-0.00810384750366211,1193,monte_carlo
2,1137,300885,100073,0,9,Timing,9.0,0.0,1193,monte_carlo
3,1149,300882,100073,0,9,2,0.0,0.0,1193,monte_carlo
4,1149,300882,100073,0,9,Structure,1.0,-0.008095741271972656,1193,monte_carlo
5,1149,300882,100073,0,9,Timing,9.0,0.0,1193,monte_carlo
6,1168,200073,100073,0,9,2,0.0,0.0,1193,monte_carlo
7,1168,200073,100073,0,9,Structure,1.0,7.97587776184082,1193,monte_carlo
8,1168,200073,100073,0,9,Timing,9.0,0.0,1193,monte_carlo
0,1137,300885,100073,0,9,2,0.0,0.0,1193,monte_carlo
1,1137,300885,100073,0,9,Structure,1.0,0.19903063774108887,1193,monte_carlo
2,1137,300885,100073,0,9,Timing,9.0,0.0,1193,monte_carlo
3,1149,300882,100073,0,9,2,0.0,0.0,1193,monte_carlo
4,1149,300882,100073,0,9,Structure,1.0,0.40615153312683105,1193,monte_carlo
5,1149,300882,100073,0,9,Timing,9.0,0.0,1193,monte_carlo
6,1168,200073,100073,0,9,2,0.0,0.0,1193,monte_carlo
7,1168,200073,100073,0,9,Structure,1.0,7.5616254806518555,1193,monte_carlo
8,1168,200073,100073,0,9,Timing,9.0,0.0,1193,monte_carlo
0,1137,300885,100073,0,9,2,0.0,0.0,1193,monte_carlo
1,1137,300885,100073,0,9,Structure,1.0,0.103951096534729,1193,monte_carlo
2,1137,300885,100073,0,9,Timing,9.0,0.0,1193,monte_carlo
3,1149,300882,100073,0,9,2,0.0,0.0,1193,monte_carlo
4,1149,300882,100073,0,9,Structure,1.0,0.40614989399909973,1193,monte_carlo
5,1149,300882,100073,0,9,Timing,9.0,0.0,1193,monte_carlo
6,1168,200073,100073,0,9,2,0.0,0.0,1193,monte_carlo
7,1168,200073,100073,0,9,Structure,1.0,7.755729675292969,1193,monte_carlo
8,1168,200073,100073,0,9,Timing,9.0,0.0,1193,monte_carlo
0,1137,300885,100073,0,9,2,0.0,0.0,1193,monte_carlo
1,1137,300885,100073,0,9,Structure,1.0,0.09546768665313721,1193,monte_carlo
2,1137,300885,100073,0,9,Timing,9.0,0.0,1193,monte_carlo
3,1149,300882,100073,0,9,2,0.0,0.0,1193,monte_carlo
4,1149,300882,100073,0,9,Structure,1.0,0.40615153312683105,1193,monte_carlo
5,1149,300882,100073,0,9,Timing,9.0,0.0,1193,monte_carlo
6,1168,200073,100073,0,9,2,0.0,0.0,1193,monte_carlo
7,1168,200073,100073,0,9,Structure,1.0,7.998358726501465,1193,monte_carlo
8,1168,200073,100073,0,9,Timing,9.0,0.0,1193,monte_carlo
0,194,300006,100000,0,2,2,0.0,0.0,287,exact
1,194,300006,100000,0,2,Structure,1.0,0.3411331971486386,287,exact
2,194,300006,100000,0,2,Timing,2.0,0.0,287,exact
3,195,200000,100000,0,2,2,0.0,0.0,287,exact
4,195,200000,100000,0,2,Structure,1.0,1.1178672711054518,287,exact
5,195,200000,100000,0,2,Timing,2.0,0.0,287,exact
6,197,300009,100000,0,2,2,0.0,0.0,287,exact
7,197,300009,100000,0,2,Structure,1.0,0.34113319714863777,287,exact
8,197,300009,100000,0,2,Timing,2.0,0.0,287,exact
0,194,300006,100000,0,2,2,0.0,0.0,287,monte_carlo
1,194,300006,100000,0,2,Structure,1.0,0.022337913513183594,287,monte_carlo
2,194,300006,100000,0,2,Timing,2.0,0.0,287,monte_carlo
3,195,200000,100000,0,2,2,0.0,0.0,287,monte_carlo
4,195,200000,100000,0,2,Structure,1.0,0.9573976993560791,287,monte_carlo
5,195,200000,100000,0,2,Timing,2.0,0.0,287,monte_carlo
6,197,300009,100000,0,2,2,0.0,0.0,287,monte_carlo
7,197,300009,100000,0,2,Structure,1.0,0.03329324722290039,287,monte_carlo
8,197,300009,100000,0,2,Timing,2.0,0.0,287,monte_carlo
0,194,300006,100000,0,2,2,0.0,0.0,287,monte_carlo
1,194,300006,100000,0,2,Structure,1.0,0.8203983306884766,287,monte_carlo
2,194,300006,100000,0,2,Timing,2.0,0.0,287,monte_carlo
3,195,200000,100000,0,2,2,0.0,0.0,287,monte_carlo
4,195,200000,100000,0,2,Structure,1.0,0.8045495748519897,287,monte_carlo
5,195,200000,100000,0,2,Timing,2.0,0.0,287,monte_carlo
6,197,300009,100000,0,2,2,0.0,0.0,287,monte_carlo
7,197,300009,100000,0,2,Structure,1.0,0.027815580368041992,287,monte_carlo
8,197,300009,100000,0,2,Timing,2.0,0.0,287,monte_carlo
0,194,300006,100000,0,2,2,0.0,0.0,287,monte_carlo
1,194,300006,100000,0,2,Structure,1.0,0.49779212474823,287,monte_carlo
2,194,300006,100000,0,2,Timing,2.0,0.0,287,monte_carlo
3,195,200000,100000,0,2,2,0.0,0.0,287,monte_carlo
4,195,200000,100000,0,2,Structure,1.0,1.4713023900985718,287,monte_carlo
5,195,200000,100000,0,2,Timing,2.0,0.0,287,monte_carlo
6,197,300009,100000,0,2,2,0.0,0.0,287,monte_carlo
7,197,300009,100000,0,2,Structure,1.0,0.4213680922985077,287,monte_carlo
8,197,300009,100000,0,2,Timing,2.0,0.0,287,monte_carlo
0,194,300006,100000,0,2,2,0.0,0.0,287,monte_carlo
1,194,300006,100000,0,2,Structure,1.0,0.2081230878829956,287,monte_carlo
2,194,300006,100000,0,2,Timing,2.0,0.0,287,monte_carlo
3,195,200000,100000,0,2,2,0.0,0.0,287,monte_carlo
4,195,200000,100000,0,2,Structure,1.0,1.3802356719970703,287,monte_carlo
5,195,200000,100000,0,2,Timing,2.0,0.0,287,monte_carlo
6,197,300009,100000,0,2,2,0.0,0.0,287,monte_carlo
7,197,300009,100000,0,2,Structure,1.0,0.554378092288971,287,monte_carlo
8,197,300009,100000,0,2,Timing,2.0,0.0,287,monte_carlo
0,194,300006,100000,0,2,2,0.0,0.0,287,monte_carlo
1,194,300006,100000,0,2,Structure,1.0,0.3392278552055359,287,monte_carlo
2,194,300006,100000,0,2,Timing,2.0,0.0,287,monte_carlo
3,195,200000,100000,0,2,2,0.0,0.0,287,monte_carlo
4,195,200000,100000,0,2,Structure,1.0,0.9411495923995972,287,monte_carlo
5,195,200000,100000,0,2,Timing,2.0,0.0,287,monte_carlo
6,197,300009,100000,0,2,2,0.0,0.0,287,monte_carlo
7,197,300009,100000,0,2,Structure,1.0,0.36256134510040283,287,monte_carlo
8,197,300009,100000,0,2,Timing,2.0,0.0,287,monte_carlo
0,754,300597,100049,0,6,2,0.0,0.0,862,exact
1,754,300597,100049,0,6,Structure,1.0,0.30368434985478243,862,exact
2,754,300597,100049,0,6,Timing,6.0,0.0,862,exact
3,755,300594,100049,0,6,2,0.0,0.0,862,exact
4,755,300594,100049,0,6,Structure,1.0,0.30368434985478276,862,exact
5,755,300594,100049,0,6,Timing,6.0,0.0,862,exact
6,759,200049,100049,0,6,2,0.0,0.0,862,exact
7,759,200049,100049,0,6,Structure,1.0,5.078273550669332,862,exact
8,759,200049,100049,0,6,Timing,6.0,0.0,862,exact
0,754,300597,100049,0,6,2,0.0,0.0,862,monte_carlo
1,754,300597,100049,0,6,Structure,1.0,-0.04974937438964844,862,monte_carlo
2,754,300597,100049,0,6,Timing,6.0,0.0,862,monte_carlo
3,755,300594,100049,0,6,2,0.0,0.0,862,monte_carlo
4,755,300594,100049,0,6,Structure,1.0,-0.048487186431884766,862,monte_carlo
5,755,300594,100049,0,6,Timing,6.0,0.0,862,monte_carlo
6,759,200049,100049,0,6,2,0.0,0.0,862,monte_carlo
7,759,200049,100049,0,6,Structure,1.0,4.537210464477539,862,monte_carlo
8,759,200049,100049,0,6,Timing,6.0,0.0,862,monte_carlo
0,754,300597,100049,0,6,2,0.0,0.0,862,monte_carlo
1,754,300597,100049,0,6,Structure,1.0,-0.0491182804107666,862,monte_carlo
2,754,300597,100049,0,6,Timing,6.0,0.0,862,monte_carlo
3,755,300594,100049,0,6,2,0.0,0.0,862,monte_carlo
4,755,300594,100049,0,6,Structure,1.0,0.38532447814941406,862,monte_carlo
5,755,300594,100049,0,6,Timing,6.0,0.0,862,monte_carlo
6,759,200049,100049,0,6,2,0.0,0.0,862,monte_carlo
7,759,200049,100049,0,6,Structure,1.0,4.725471019744873,862,monte_carlo
8,759,200049,100049,0,6,Timing,6.0,0.0,862,monte_carlo
0,754,300597,100049,0,6,2,0.0,0.0,862,monte_carlo
1,754,300597,100049,0,6,Structure,1.0,0.04564332962036133,862,monte_carlo
2,754,300597,100049,0,6,Timing,6.0,0.0,862,monte_carlo
3,755,300594,100049,0,6,2,0.0,0.0,862,monte_carlo
4,755,300594,100049,0,6,Structure,1.0,0.4797702431678772,862,monte_carlo
5,755,300594,100049,0,6,Timing,6.0,0.0,862,monte_carlo
6,759,200049,100049,0,6,2,0.0,0.0,862,monte_carlo
7,759,200049,100049,0,6,Structure,1.0,5.566342353820801,862,monte_carlo
8,759,200049,100049,0,6,Timing,6.0,0.0,862,monte_carlo
0,754,300597,100049,0,6,2,0.0,0.0,862,monte_carlo
1,754,300597,100049,0,6,Structure,1.0,0.22141332924365997,862,monte_carlo
2,754,300597,100049,0,6,Timing,6.0,0.0,862,monte_carlo
3,755,300594,100049,0,6,2,0.0,0.0,862,monte_carlo
4,755,300594,100049,0,6,Structure,1.0,0.2218342274427414,862,monte_carlo
5,755,300594,100049,0,6,Timing,6.0,0.0,862,monte_carlo
6,759,200049,100049,0,6,2,0.0,0.0,862,monte_carlo
7,759,200049,100049,0,6,Structure,1.0,5.141027450561523,862,monte_carlo
8,759,200049,100049,0,6,Timing,6.0,0.0,862,monte_carlo
0,754,300597,100049,0,6,2,0.0,0.0,862,monte_carlo
1,754,300597,100049,0,6,Structure,1.0,0.30992963910102844,862,monte_carlo
2,754,300597,100049,0,6,Timing,6.0,0.0,862,monte_carlo
3,755,300594,100049,0,6,2,0.0,0.0,862,monte_carlo
4,755,300594,100049,0,6,Structure,1.0,0.32409459352493286,862,monte_carlo
5,755,300594,100049,0,6,Timing,6.0,0.0,862,monte_carlo
6,759,200049,100049,0,6,2,0.0,0.0,862,monte_carlo
7,759,200049,100049,0,6,Structure,1.0,4.990073204040527,862,monte_carlo
8,759,200049,100049,0,6,Timing,6.0,0.0,862,monte_carlo
0,432,300306,100025,0,4,2,0.0,0.0,610,exact
1,432,300306,100025,0,4,Structure,1.0,0.27738426923751675,610,exact
2,432,300306,100025,0,4,Timing,4.0,0.0,610,exact
3,433,300309,100025,0,4,2,0.0,0.0,610,exact
4,433,300309,100025,0,4,Structure,1.0,0.2773842692375174,610,exact
5,433,300309,100025,0,4,Timing,4.0,0.0,610,exact
6,436,200025,100025,0,4,2,0.0,0.0,610,exact
7,436,200025,100025,0,4,Structure,1.0,3.06097973187768,610,exact
8,436,200025,100025,0,4,Timing,4.0,0.0,610,exact
0,432,300306,100025,0,4,2,0.0,0.0,610,monte_carlo
1,432,300306,100025,0,4,Structure,1.0,-0.09755420684814453,610,monte_carlo
2,432,300306,100025,0,4,Timing,4.0,0.0,610,monte_carlo
3,433,300309,100025,0,4,2,0.0,0.0,610,monte_carlo
4,433,300309,100025,0,4,Structure,1.0,-0.09755468368530273,610,monte_carlo
5,433,300309,100025,0,4,Timing,4.0,0.0,610,monte_carlo
6,436,200025,100025,0,4,2,0.0,0.0,610,monte_carlo
7,436,200025,100025,0,4,Structure,1.0,2.892904281616211,610,monte_carlo
8,436,200025,100025,0,4,Timing,4.0,0.0,610,monte_carlo
0,432,300306,100025,0,4,2,0.0,0.0,610,monte_carlo
1,432,300306,100025,0,4,Structure,1.0,-0.103485107421875,610,monte_carlo
2,432,300306,100025,0,4,Timing,4.0,0.0,610,monte_carlo
3,433,300309,100025,0,4,2,0.0,0.0,610,monte_carlo
4,433,300309,100025,0,4,Structure,1.0,-0.09755444526672363,610,monte_carlo
5,433,300309,100025,0,4,Timing,4.0,0.0,610,monte_carlo
6,436,200025,100025,0,4,2,0.0,0.0,610,monte_carlo
7,436,200025,100025,0,4,Structure,1.0,2.680109977722168,610,monte_carlo
8,436,200025,100025,0,4,Timing,4.0,0.0,610,monte_carlo
0,432,300306,100025,0,4,2,0.0,0.0,610,monte_carlo
1,432,300306,100025,0,4,Structure,1.0,-0.10645067691802979,610,monte_carlo
2,432,300306,100025,0,4,Timing,4.0,0.0,610,monte_carlo
3,433,300309,100025,0,4,2,0.0,0.0,610,monte_carlo
4,433,300309,100025,0,4,Structure,1.0,0.587944746017456,610,monte_carlo
5,433,300309,100025,0,4,Timing,4.0,0.0,610,monte_carlo
6,436,200025,100025,0,4,2,0.0,0.0,610,monte_carlo
7,436,200025,100025,0,4,Structure,1.0,3.2514145374298096,610,monte_carlo
8,436,200025,100025,0,4,Timing,4.0,0.0,610,monte_carlo
0,432,300306,100025,0,4,2,0.0,0.0,610,monte_carlo
1,432,300306,100025,0,4,Structure,1.0,0.512437105178833,610,monte_carlo
2,432,300306,100025,0,4,Timing,4.0,0.0,610,monte_carlo
3,433,300309,100025,0,4,2,0.0,0.0,610,monte_carlo
4,433,300309,100025,0,4,Structure,1.0,0.36142194271087646,610,monte_carlo
5,433,300309,100025,0,4,Timing,4.0,0.0,610,monte_carlo
6,436,200025,100025,0,4,2,0.0,0.0,610,monte_carlo
7,436,200025,100025,0,4,Structure,1.0,3.0609798431396484,610,monte_carlo
8,436,200025,100025,0,4,Timing,4.0,0.0,610,monte_carlo
0,432,300306,100025,0,4,2,0.0,0.0,610,monte_carlo
1,432,300306,100025,0,4,Structure,1.0,0.2983936667442322,610,monte_carlo
2,432,300306,100025,0,4,Timing,4.0,0.0,610,monte_carlo
3,433,300309,100025,0,4,2,0.0,0.0,610,monte_carlo
4,433,300309,100025,0,4,Structure,1.0,-0.05028674006462097,610,monte_carlo
5,433,300309,100025,0,4,Timing,4.0,0.0,610,monte_carlo
6,436,200025,100025,0,4,2,0.0,0.0,610,monte_carlo
7,436,200025,100025,0,4,Structure,1.0,3.3144428730010986,610,monte_carlo
8,436,200025,100025,0,4,Timing,4.0,0.0,610,monte_carlo
0,866,300657,100054,0,7,2,0.0,0.0,1021,exact
1,866,300657,100054,0,7,Structure,1.0,0.31407094399134444,1021,exact
2,866,300657,100054,0,7,Timing,7.0,0.0,1021,exact
3,867,300654,100054,0,7,2,0.0,0.0,1021,exact
4,867,300654,100054,0,7,Structure,1.0,0.3140709439913448,1021,exact
5,867,300654,100054,0,7,Timing,7.0,0.0,1021,exact
6,880,200054,100054,0,7,2,0.0,0.0,1021,exact
7,880,200054,100054,0,7,Structure,1.0,6.036737982432012,1021,exact
8,880,200054,100054,0,7,Timing,7.0,0.0,1021,exact
0,866,300657,100054,0,7,2,0.0,0.0,1021,monte_carlo
1,866,300657,100054,0,7,Structure,1.0,0.8203983306884766,1021,monte_carlo
2,866,300657,100054,0,7,Timing,7.0,0.0,1021,monte_carlo
3,867,300654,100054,0,7,2,0.0,0.0,1021,monte_carlo
4,867,300654,100054,0,7,Structure,1.0,-0.028023719787597656,1021,monte_carlo
5,867,300654,100054,0,7,Timing,7.0,0.0,1021,monte_carlo
6,880,200054,100054,0,7,2,0.0,0.0,1021,monte_carlo
7,880,200054,100054,0,7,Structure,1.0,6.721261978149414,1021,monte_carlo
8,880,200054,100054,0,7,Timing,7.0,0.0,1021,monte_carlo
0,866,300657,100054,0,7,2,0.0,0.0,1021,monte_carlo
1,866,300657,100054,0,7,Structure,1.0,-0.028023719787597656,1021,monte_carlo
2,866,300657,100054,0,7,Timing,7.0,0.0,1021,monte_carlo
3,867,300654,100054,0,7,2,0.0,0.0,1021,monte_carlo
4,867,300654,100054,0,7,Structure,1.0,-0.028024673461914062,1021,monte_carlo
5,867,300654,100054,0,7,Timing,7.0,0.0,1021,monte_carlo
6,880,200054,100054,0,7,2,0.0,0.0,1021,monte_carlo
7,880,200054,100054,0,7,Structure,1.0,5.694477081298828,1021,monte_carlo
8,880,200054,100054,0,7,Timing,7.0,0.0,1021,monte_carlo
0,866,300657,100054,0,7,2,0.0,0.0,1021,monte_carlo
1,866,300657,100054,0,7,Structure,1.0,0.1840813159942627,1021,monte_carlo
2,866,300657,100054,0,7,Timing,7.0,0.0,1021,monte_carlo
3,867,300654,100054,0,7,2,0.0,0.0,1021,monte_carlo
4,867,300654,100054,0,7,Structure,1.0,0.2730957269668579,1021,monte_carlo
5,867,300654,100054,0,7,Timing,7.0,0.0,1021,monte_carlo
6,880,200054,100054,0,7,2,0.0,0.0,1021,monte_carlo
7,880,200054,100054,0,7,Structure,1.0,6.084695816040039,1021,monte_carlo
8,880,200054,100054,0,7,Timing,7.0,0.0,1021,monte_carlo
0,866,300657,100054,0,7,2,0.0,0.0,1021,monte_carlo
1,866,300657,100054,0,7,Structure,1.0,0.5148731470108032,1021,monte_carlo
2,866,300657,100054,0,7,Timing,7.0,0.0,1021,monte_carlo
3,867,300654,100054,0,7,2,0.0,0.0,1021,monte_carlo
4,867,300654,100054,0,7,Structure,1.0,0.031207958236336708,1021,monte_carlo
5,867,300654,100054,0,7,Timing,7.0,0.0,1021,monte_carlo
6,880,200054,100054,0,7,2,0.0,0.0,1021,monte_carlo
7,880,200054,100054,0,7,Structure,1.0,6.0960822105407715,1021,monte_carlo
8,880,200054,100054,0,7,Timing,7.0,0.0,1021,monte_carlo
0,866,300657,100054,0,7,2,0.0,0.0,1021,monte_carlo
1,866,300657,100054,0,7,Structure,1.0,0.44065263867378235,1021,monte_carlo
2,866,300657,100054,0,7,Timing,7.0,0.0,1021,monte_carlo
3,867,300654,100054,0,7,2,0.0,0.0,1021,monte_carlo
4,867,300654,100054,0,7,Structure,1.0,0.3961453437805176,1021,monte_carlo
5,867,300654,100054,0,7,Timing,7.0,0.0,1021,monte_carlo
6,880,200054,100054,0,7,2,0.0,0.0,1021,monte_carlo
7,880,200054,100054,0,7,Structure,1.0,5.800571918487549,1021,monte_carlo
8,880,200054,100054,0,7,Timing,7.0,0.0,1021,monte_carlo
0,1137,300885,100073,0,9,2,0.0,0.0,1193,exact
1,1137,300885,100073,0,9,Structure,1.0,0.3240927577018671,1193,exact
2,1137,300885,100073,0,9,Timing,9.0,0.0,1193,exact
3,1149,300882,100073,0,9,2,0.0,0.0,1193,exact
4,1149,300882,100073,0,9,Structure,1.0,0.32409275770186863,1193,exact
5,1149,300882,100073,0,9,Timing,9.0,0.0,1193,exact
6,1168,200073,100073,0,9,2,0.0,0.0,1193,exact
7,1168,200073,100073,0,9,Structure,1.0,7.893813880284555,1193,exact
8,1168,200073,100073,0,9,Timing,9.0,0.0,1193,exact
0,1137,300885,100073,0,9,2,0.0,0.0,1193,monte_carlo
1,1137,300885,100073,0,9,Structure,1.0,-0.008087158203125,1193,monte_carlo
2,1137,300885,100073,0,9,Timing,9.0,0.0,1193,monte_carlo
3,1149,300882,100073,0,9,2,0.0,0.0,1193,monte_carlo
4,1149,300882,100073,0,9,Structure,1.0,0.3280339241027832,1193,monte_carlo
5,1149,300882,100073,0,9,Timing,9.0,0.0,1193,monte_carlo
6,1168,200073,100073,0,9,2,0.0,0.0,1193,monte_carlo
7,1168,200073,100073,0,9,Structure,1.0,7.393565654754639,1193,monte_carlo
8,1168,200073,100073,0,9,Timing,9.0,0.0,1193,monte_carlo
0,1137,300885,100073,0,9,2,0.0,0.0,1193,monte_carlo
1,1137,300885,100073,0,9,Structure,1.0,-0.00810384750366211,1193,monte_carlo
2,1137,300885,100073,0,9,Timing,9.0,0.0,1193,monte_carlo
3,1149,300882,100073,0,9,2,0.0,0.0,1193,monte_carlo
4,1149,300882,100073,0,9,Structure,1.0,-0.008095741271972656,1193,monte_carlo
5,1149,300882,100073,0,9,Timing,9.0,0.0,1193,monte_carlo
6,1168,200073,100073,0,9,2,0.0,0.0,1193,monte_carlo
7,1168,200073,100073,0,9,Structure,1.0,7.97587776184082,1193,monte_carlo
8,1168,200073,100073,0,9,Timing,9.0,0.0,1193,monte_carlo
0,1137,300885,100073,0,9,2,0.0,0.0,1193,monte_carlo
1,1137,300885,100073,0,9,Structure,1.0,0.19903063774108887,1193,monte_carlo
2,1137,300885,100073,0,9,Timing,9.0,0.0,1193,monte_carlo
3,1149,300882,100073,0,9,2,0.0,0.0,1193,monte_carlo
4,1149,300882,100073,0,9,Structure,1.0,0.40615153312683105,1193,monte_carlo
5,1149,300882,100073,0,9,Timing,9.0,0.0,1193,monte_carlo
6,1168,200073,100073,0,9,2,0.0,0.0,1193,monte_carlo
7,1168,200073,100073,0,9,Structure,1.0,7.5616254806518555,1193,monte_carlo
8,1168,200073,100073,0,9,Timing,9.0,0.0,1193,monte_carlo
0,1137,300885,100073,0,9,2,0.0,0.0,1193,monte_carlo
1,1137,300885,100073,0,9,Structure,1.0,0.103951096534729,1193,monte_carlo
2,1137,300885,100073,0,9,Timing,9.0,0.0,1193,monte_carlo
3,1149,300882,100073,0,9,2,0.0,0.0,1193,monte_carlo
4,1149,300882,100073,0,9,Structure,1.0,0.40614989399909973,1193,monte_carlo
5,1149,300882,100073,0,9,Timing,9.0,0.0,1193,monte_carlo
6,1168,200073,100073,0,9,2,0.0,0.0,1193,monte_carlo
7,1168,200073,100073,0,9,Structure,1.0,7.755729675292969,1193,monte_carlo
8,1168,200073,100073,0,9,Timing,9.0,0.0,1193,monte_carlo
0,1137,300885,100073,0,9,2,0.0,0.0,1193,monte_carlo
1,1137,300885,100073,0,9,Structure,1.0,0.09546768665313721,1193,monte_carlo
2,1137,300885,100073,0,9,Timing,9.0,0.0,1193,monte_carlo
3,1149,300882,100073,0,9,2,0.0,0.0,1193,monte_carlo
4,1149,300882,100073,0,9,Structure,1.0,0.40615153312683105,1193,monte_carlo
5,1149,300882,100073,0,9,Timing,9.0,0.0,1193,monte_carlo
6,1168,200073,100073,0,9,2,0.0,0.0,1193,monte_carlo
7,1168,200073,100073,0,9,Structure,1.0,7.998358726501465,1193,monte_carlo
8,1168,200073,100073,0,9,Timing,9.0,0.0,1193,monte_carlo
0,194,300006,100000,0,2,2,0.0,0.0,287,exact
1,194,300006,100000,0,2,Structure,1.0,0.3411331971486386,287,exact
2,194,300006,100000,0,2,Timing,2.0,0.0,287,exact
3,195,200000,100000,0,2,2,0.0,0.0,287,exact
4,195,200000,100000,0,2,Structure,1.0,1.1178672711054518,287,exact
5,195,200000,100000,0,2,Timing,2.0,0.0,287,exact
6,197,300009,100000,0,2,2,0.0,0.0,287,exact
7,197,300009,100000,0,2,Structure,1.0,0.34113319714863777,287,exact
8,197,300009,100000,0,2,Timing,2.0,0.0,287,exact
0,194,300006,100000,0,2,2,0.0,0.0,287,monte_carlo
1,194,300006,100000,0,2,Structure,1.0,0.022337913513183594,287,monte_carlo
2,194,300006,100000,0,2,Timing,2.0,0.0,287,monte_carlo
3,195,200000,100000,0,2,2,0.0,0.0,287,monte_carlo
4,195,200000,100000,0,2,Structure,1.0,0.9573976993560791,287,monte_carlo
5,195,200000,100000,0,2,Timing,2.0,0.0,287,monte_carlo
6,197,300009,100000,0,2,2,0.0,0.0,287,monte_carlo
7,197,300009,100000,0,2,Structure,1.0,0.03329324722290039,287,monte_carlo
8,197,300009,100000,0,2,Timing,2.0,0.0,287,monte_carlo
0,194,300006,100000,0,2,2,0.0,0.0,287,monte_carlo
1,194,300006,100000,0,2,Structure,1.0,0.8203983306884766,287,monte_carlo
2,194,300006,100000,0,2,Timing,2.0,0.0,287,monte_carlo
3,195,200000,100000,0,2,2,0.0,0.0,287,monte_carlo
4,195,200000,100000,0,2,Structure,1.0,0.8045495748519897,287,monte_carlo
5,195,200000,100000,0,2,Timing,2.0,0.0,287,monte_carlo
6,197,300009,100000,0,2,2,0.0,0.0,287,monte_carlo
7,197,300009,100000,0,2,Structure,1.0,0.027815580368041992,287,monte_carlo
8,197,300009,100000,0,2,Timing,2.0,0.0,287,monte_carlo
0,194,300006,100000,0,2,2,0.0,0.0,287,monte_carlo
1,194,300006,100000,0,2,Structure,1.0,0.49779212474823,287,monte_carlo
2,194,300006,100000,0,2,Timing,2.0,0.0,287,monte_carlo
3,195,200000,100000,0,2,2,0.0,0.0,287,monte_carlo
4,195,200000,100000,0,2,Structure,1.0,1.4713023900985718,287,monte_carlo
5,195,200000,100000,0,2,Timing,2.0,0.0,287,monte_carlo
6,197,300009,100000,0,2,2,0.0,0.0,287,monte_carlo
7,197,300009,100000,0,2,Structure,1.0,0.4213680922985077,287,monte_carlo
8,197,300009,100000,0,2,Timing,2.0,0.0,287,monte_carlo
0,194,300006,100000,0,2,2,0.0,0.0,287,monte_carlo
1,194,300006,100000,0,2,Structure,1.0,0.2081230878829956,287,monte_carlo
2,194,300006,100000,0,2,Timing,2.0,0.0,287,monte_carlo
3,195,200000,100000,0,2,2,0.0,0.0,287,monte_carlo
4,195,200000,100000,0,2,Structure,1.0,1.3802356719970703,287,monte_carlo
5,195,200000,100000,0,2,Timing,2.0,0.0,287,monte_carlo
6,197,300009,100000,0,2,2,0.0,0.0,287,monte_carlo
7,197,300009,100000,0,2,Structure,1.0,0.554378092288971,287,monte_carlo
8,197,300009,100000,0,2,Timing,2.0,0.0,287,monte_carlo
0,194,300006,100000,0,2,2,0.0,0.0,287,monte_carlo
1,194,300006,100000,0,2,Structure,1.0,0.3392278552055359,287,monte_carlo
2,194,300006,100000,0,2,Timing,2.0,0.0,287,monte_carlo
3,195,200000,100000,0,2,2,0.0,0.0,287,monte_carlo
4,195,200000,100000,0,2,Structure,1.0,0.9411495923995972,287,monte_carlo
5,195,200000,100000,0,2,Timing,2.0,0.0,287,monte_carlo
6,197,300009,100000,0,2,2,0.0,0.0,287,monte_carlo
7,197,300009,100000,0,2,Structure,1.0,0.36256134510040283,287,monte_carlo
8,197,300009,100000,0,2,Timing,2.0,0.0,287,monte_carlo
