231910,230311,230493,230682,230817,230876,231140,231145,231203,231316,231910
231969,230493,230682,230817,230876,231140,231145,231203,231316,231910,231969
232677,218996,222187,227783,228261,228966,229768,231258,231401,232100,232662
232719,222187,227783,228261,228966,229768,231258,231401,232100,232662,232677
232733,228261,228966,229768,231258,231401,232100,232662,232677,232719,232733
232744,231140,231145,231203,231316,231910,231969,232177,232374,232527,232626
232920,232177,232374,232527,232626,232744,232900,232901,232902,232917,232920
233749,232901,232902,232917,232920,232936,233198,233285,233312,233674,233749
234019,232901,232902,232917,232920,232936,233198,233285,233312,233674,233749
234081,232917,232920,232936,233198,233285,233312,233674,233749,234019,234081
232917,218735,218745,221223,221227,224680,224682,224871,232900,232901,232902
232920,230305,231095,231140,231910,231969,232677,232719,232733,232744,232920
232936,224026,226173,226604,227612,228108,229361,230017,230211,230817,231145
233198,126365,126954,129565,140080,142487,142609,191454,205551,211687,215853
233285,104344,120673,193584,199836,231451,0,0,0,0,0
233312,154711,157578,162034,162766,186107,188222,188803,194980,210218,233312
233674,218258,218324,218373,219432,220721,221056,230876,232835,232858,233674
233749,231095,231140,231910,231969,232677,232719,232733,232744,232920,233749
234019,231095,231140,231910,231969,232677,232719,232733,232744,232920,233749
234081,231910,231969,232677,232719,232733,232744,232920,233749,234019,234081
