108425,107286,107548,107648,107672,107721,107775,107799,107955,108184,108398
109014,107721,107775,107799,107955,108184,108398,108425,108491,108530,108602
109206,107955,108184,108398,108425,108491,108530,108602,109014,109068,109206
109386,107955,108184,108398,108425,108491,108530,108602,109014,109068,109206
128481,112566,114582,117145,119500,120856,123325,128071,128331,128441,128481
129966,123325,128071,128331,128441,128481,129069,129169,129281,129873,129966
130760,128481,129069,129169,129281,129873,129966,130067,130391,130613,130760
166217,149114,149220,149326,149461,149568,156963,157037,159799,162474,165916
189379,173569,174265,175020,177196,178408,178731,182205,183558,185205,187695
190929,189379,189410,189531,190182,190465,190564,190570,190783,190857,190929
190564,25821,41778,42045,42363,42789,43128,43436,44764,166537,166742
190570,43853,64179,64587,67848,68657,87344,190570,0,0,0
190783,41778,42045,42363,42789,43128,43436,44764,166537,166742,190564
190857,47020,63223,63858,84912,85329,88766,167209,167473,190185,190465
190929,108425,109014,109206,109386,128481,129966,130760,166217,189379,190929
191057,42045,42363,42789,43128,43436,44764,166537,166742,190564,190783
191110,42201,42361,63081,63737,89272,107648,107775,168775,168896,191110
191158,111612,111824,128071,128441,129069,129873,131529,168446,169793,170289
191191,42363,42789,43128,43436,44764,166537,166742,190564,190783,191057
191243,84196,86062,88060,106158,108602,166562,167534,170777,190182,191243
