91073,80962,80978,91042,91045,91048,91053,91056,91063,91066,91068
91077,80978,91042,91045,91048,91053,91056,91063,91066,91068,91073
91081,91042,91045,91048,91053,91056,91063,91066,91068,91073,91077
92186,86704,86724,86738,86768,86787,86794,86802,86807,86814,86822
93228,91045,91048,91053,91056,91063,91066,91068,91073,91077,91081
93232,91048,91053,91056,91063,91066,91068,91073,91077,91081,93228
93239,91053,91056,91063,91066,91068,91073,91077,91081,93228,93232
93244,91056,91063,91066,91068,91073,91077,91081,93228,93232,93239
93270,91063,91066,91068,91073,91077,91081,93228,93232,93239,93244
93284,91066,91068,91073,91077,91081,93228,93232,93239,93244,93270
