393867,393214,393475,393515,393552,393554,393588,393640,393688,393720,393867
393890,393821,393827,393831,393835,393836,393855,393858,393860,393889,393890
393898,393515,393552,393554,393588,393640,393688,393720,393867,393886,393898
393902,390804,391418,393203,393258,393557,393649,393709,393808,393885,393902
393918,390024,390119,390199,390354,391467,391944,392350,392408,392433,393548
394026,393561,393562,393593,393764,393781,393818,393861,393912,393947,394026
394032,390119,390199,390354,391467,391944,392350,392408,392433,393548,393918
394092,390804,391418,393203,393258,393557,393649,393709,393808,393885,393902
394113,393919,393956,394010,394030,394050,394055,394063,394064,394098,394099
394176,394063,394064,394098,394099,394113,394122,394128,394152,394166,394176
395616,33483,45509,56472,67192,95138,231000,241017,325424,329853,340719
396168,285152,285175,285193,285276,296421,305331,324810,324864,326346,373554
396566,285193,285276,296421,305331,324810,324864,326346,373554,396168,396566
396885,264772,298195,314616,316122,316183,329230,333805,383028,383293,396885
397245,171117,171131,171182,174841,174948,350382,350387,350890,350909,350953
397275,176562,285973,307759,311142,329318,329937,330491,383688,383967,389407
397473,327612,366649,367368,373089,373207,379564,380407,385014,394479,397473
397623,134938,174191,177838,249142,289683,349630,359644,377236,392472,397623
397943,217257,221340,229839,244494,284030,293033,335150,364156,383696,397467
397992,282666,283171,285620,301933,302041,347569,347696,350081,351060,397992
